time,temperature_2m_mean (°C),relative_humidity_2m_mean (%),precipitation_sum (mm),wind_speed_10m_max (km/h),wind_direction_10m_dominant (°),cloud_cover_mean (%)
2019-05-09,33.9,18,0.00,15.7,309,32
2019-05-10,33.0,21,0.00,24.8,193,56
2019-05-11,29.6,37,0.60,25.7,134,34
2019-05-12,30.7,36,0.00,13.3,317,24
2019-05-13,29.8,42,1.90,20.6,298,88
2019-05-14,28.9,45,0.30,23.9,120,40
2019-05-15,29.5,42,0.00,17.8,161,71
2019-05-16,28.4,48,0.00,11.7,2,66
2019-05-17,26.2,63,9.40,20.7,59,82
2019-05-18,27.9,55,0.00,16.7,310,53
2019-05-19,31.0,38,0.00,23.3,288,51
2019-05-20,31.7,33,0.00,21.7,327,35
2019-05-21,33.0,28,0.00,14.2,288,30
2019-05-22,33.2,29,0.00,20.5,260,68
2019-05-23,31.2,38,1.10,19.9,133,51
2019-05-24,27.7,54,0.90,17.6,31,27
2019-05-25,28.1,49,0.00,17.6,309,0
2019-05-26,30.9,35,0.00,17.1,310,13
2019-05-27,31.7,29,0.00,16.9,338,1
2019-05-28,33.3,23,0.00,14.3,316,6
2019-05-29,34.2,24,0.00,27.0,310,25
2019-05-30,35.3,22,0.00,15.9,319,9
2019-05-31,36.6,19,0.00,11.3,341,4
2019-06-01,36.5,21,0.00,11.3,48,11
2019-06-02,36.1,23,0.00,20.5,104,3
2019-06-03,35.9,28,0.00,33.3,126,9
2019-06-04,34.4,39,0.30,21.9,110,12
2019-06-05,35.4,30,0.00,19.7,63,40
2019-06-06,34.6,25,0.00,18.5,337,9
2019-06-07,33.7,26,0.00,11.5,42,6
2019-06-08,34.7,25,0.00,17.7,353,33
2019-06-09,35.6,25,0.00,11.0,63,5
2019-06-10,36.7,25,0.00,10.1,205,7
2019-06-11,36.1,26,0.00,17.8,169,19
2019-06-12,35.1,27,0.00,31.2,96,15
2019-06-13,35.3,28,0.00,18.2,35,4
2019-06-14,35.5,19,0.00,18.3,313,0
2019-06-15,34.9,28,1.40,21.9,298,39
2019-06-16,34.6,33,0.00,14.2,266,18
2019-06-17,32.4,48,0.20,34.5,155,23
2019-06-18,29.1,61,4.50,23.4,168,50
2019-06-19,32.5,49,0.00,9.2,180,12
2019-06-20,32.6,45,0.00,18.8,198,48
2019-06-21,32.5,45,0.00,12.3,275,18
2019-06-22,34.8,36,0.00,15.8,299,6
2019-06-23,34.6,40,0.00,16.3,271,32
2019-06-24,29.5,64,0.70,21.3,12,69
2019-06-25,32.3,57,0.00,10.5,31,17
2019-06-26,34.5,43,0.00,19.5,275,11
2019-06-27,34.1,43,0.00,17.3,261,12
2019-06-28,35.2,42,0.00,17.3,269,6
2019-06-29,35.6,39,0.10,29.0,260,11
2019-06-30,35.1,39,0.10,11.6,285,13
2019-07-01,35.5,38,0.40,21.4,260,14
2019-07-02,36.1,37,0.00,11.5,250,4
2019-07-03,36.6,37,0.00,11.8,184,12
2019-07-04,35.4,48,0.00,20.6,111,22
2019-07-05,33.3,59,0.30,15.5,111,17
2019-07-06,31.8,67,4.00,16.0,88,51
2019-07-07,32.0,66,6.50,17.6,99,25
2019-07-08,34.3,57,0.00,14.8,106,11
2019-07-09,32.6,66,0.00,22.0,100,33
2019-07-10,31.4,71,5.40,17.7,115,32
2019-07-11,31.8,73,7.30,19.8,92,36
2019-07-12,31.2,74,3.90,15.9,90,33
2019-07-13,29.8,77,4.20,21.7,97,60
2019-07-14,28.2,81,10.30,16.2,110,50
2019-07-15,28.2,80,3.50,20.1,122,43
2019-07-16,26.6,85,10.60,16.8,131,62
2019-07-17,27.7,76,0.80,12.5,113,47
2019-07-18,29.1,76,1.20,11.5,131,38
2019-07-19,28.9,79,15.80,13.9,106,45
2019-07-20,29.3,78,0.10,11.6,107,11
2019-07-21,29.8,79,3.00,16.1,107,24
2019-07-22,30.9,78,3.60,9.0,117,29
2019-07-23,31.9,72,0.70,7.1,119,27
2019-07-24,33.0,67,0.00,13.2,157,51
2019-07-25,29.1,83,17.40,22.3,103,99
2019-07-26,27.8,87,31.60,13.1,103,97
2019-07-27,28.2,84,2.80,18.0,107,94
2019-07-28,27.8,87,16.50,16.1,80,96
2019-07-29,29.8,80,0.70,10.8,76,70
2019-07-30,30.6,79,3.50,13.1,164,69
2019-07-31,29.0,82,7.70,15.0,118,77
2019-08-01,28.7,83,2.80,13.9,104,61
2019-08-02,26.9,90,21.10,12.0,97,80
2019-08-03,28.8,82,1.10,9.0,104,52
2019-08-04,29.8,83,0.70,9.7,111,25
2019-08-05,31.0,78,0.20,6.8,118,10
2019-08-06,30.2,83,5.30,17.7,113,61
2019-08-07,29.0,85,6.80,14.1,95,69
2019-08-08,30.6,76,0.00,9.4,98,37
2019-08-09,29.2,84,6.60,15.6,107,91
2019-08-10,28.9,81,4.90,15.0,79,84
2019-08-11,29.7,82,2.10,12.6,77,88
2019-08-12,29.5,86,3.50,10.4,136,93
2019-08-13,29.8,82,11.10,14.6,109,99
2019-08-14,29.6,84,5.20,18.4,112,78
2019-08-15,30.0,81,1.10,11.4,107,73
2019-08-16,29.3,84,3.50,12.2,117,69
2019-08-17,26.4,91,5.70,14.8,78,94
2019-08-18,27.6,79,0.20,12.2,157,38
2019-08-19,28.1,79,0.70,13.1,107,22
2019-08-20,29.0,75,0.00,10.6,285,9
2019-08-21,29.9,70,0.10,8.9,301,8
2019-08-22,30.4,73,0.00,12.1,108,7
2019-08-23,30.7,74,0.00,10.0,111,4
2019-08-24,31.8,66,0.00,12.5,167,22
2019-08-25,30.6,76,0.30,17.7,123,52
2019-08-26,30.1,75,0.00,13.4,91,52
2019-08-27,31.1,73,0.10,8.7,233,50
2019-08-28,31.8,71,0.10,9.3,82,20
2019-08-29,32.4,67,0.00,10.9,125,30
2019-08-30,30.9,75,4.80,15.2,107,32
2019-08-31,31.1,75,2.60,8.1,167,73
2019-09-01,30.0,81,7.10,17.9,119,92
2019-09-02,29.4,81,4.30,13.6,89,60
2019-09-03,31.0,74,0.00,7.5,196,11
2019-09-04,31.8,71,0.80,17.7,137,20
2019-09-05,30.6,75,2.50,17.6,110,21
2019-09-06,30.5,77,1.30,11.5,103,16
2019-09-07,30.9,75,0.20,11.2,96,16
2019-09-08,30.9,74,0.00,11.0,115,10
2019-09-09,31.7,69,0.00,9.5,230,3
2019-09-10,33.0,62,0.00,13.0,176,5
2019-09-11,33.2,63,0.00,12.0,146,0
2019-09-12,33.4,65,0.00,12.9,126,2
2019-09-13,32.2,69,0.00,16.1,109,8
2019-09-14,31.8,69,3.00,12.3,118,19
2019-09-15,31.6,68,0.00,10.4,116,7
2019-09-16,30.7,68,1.40,12.3,124,7
2019-09-17,30.0,70,1.50,14.4,114,17
2019-09-18,30.1,68,0.60,16.3,104,7
2019-09-19,29.0,72,0.70,22.1,105,24
2019-09-20,28.2,72,0.20,14.8,79,25
2019-09-21,28.5,69,0.00,11.2,33,8
2019-09-22,29.3,65,0.10,13.8,91,7
2019-09-23,28.9,68,0.00,10.7,91,22
2019-09-24,29.2,64,0.00,9.7,95,8
2019-09-25,29.4,66,0.00,11.6,101,13
2019-09-26,28.9,69,0.90,14.2,90,18
2019-09-27,28.2,76,1.60,14.5,98,22
2019-09-28,26.9,79,4.90,12.1,98,26
2019-09-29,25.4,84,4.20,12.7,98,58
2019-09-30,25.2,81,0.00,8.9,50,19
2019-10-01,25.3,79,0.30,12.0,69,25
2019-10-02,25.9,76,0.10,8.0,9,21
2019-10-03,24.3,82,10.20,25.0,64,45
2019-10-04,24.1,77,2.30,13.6,352,58
2019-10-05,24.6,69,0.00,12.5,303,33
2019-10-06,24.6,70,0.00,15.4,290,93
2019-10-07,25.1,58,0.00,14.7,305,22
2019-10-08,24.8,59,0.00,8.7,291,0
2019-10-09,25.1,62,0.00,8.2,124,3
2019-10-10,25.3,65,0.00,9.4,280,1
2019-10-11,26.2,59,0.00,8.0,283,12
2019-10-12,26.1,61,0.00,8.6,109,6
2019-10-13,26.1,63,0.00,8.6,191,2
2019-10-14,26.4,61,0.00,8.4,159,6
2019-10-15,26.6,63,0.00,11.4,104,5
2019-10-16,26.3,68,0.00,9.7,91,9
2019-10-17,24.5,74,3.30,25.6,68,20
2019-10-18,23.3,71,5.10,29.2,35,30
2019-10-19,23.2,61,0.00,9.7,333,1
2019-10-20,23.0,60,0.00,12.2,296,27
2019-10-21,23.2,60,0.00,10.4,292,0
2019-10-22,23.8,57,0.00,12.7,291,1
2019-10-23,23.7,63,0.00,12.0,354,17
2019-10-24,23.7,61,0.00,9.4,27,9
2019-10-25,23.5,60,0.00,10.5,335,7
2019-10-26,23.6,58,0.00,8.9,312,0
2019-10-27,23.7,63,0.00,14.7,292,0
2019-10-28,24.4,65,0.00,9.4,301,0
2019-10-29,24.1,68,0.00,8.9,228,8
2019-10-30,24.2,63,0.00,9.2,257,20
2019-10-31,24.3,62,0.00,9.4,307,21
2019-11-01,22.8,70,0.20,17.7,323,72
2019-11-02,22.1,72,0.00,10.3,303,68
2019-11-03,22.2,72,0.90,11.7,339,30
2019-11-04,22.1,66,0.00,11.2,309,2
2019-11-05,22.6,63,0.00,10.4,274,0
2019-11-06,21.5,63,6.60,19.5,128,25
2019-11-07,17.8,81,16.40,17.4,70,56
2019-11-08,17.9,76,0.40,20.4,13,10
2019-11-09,17.9,68,0.00,10.4,289,0
2019-11-10,17.8,62,0.00,9.7,239,12
2019-11-11,18.4,63,0.00,9.4,243,82
2019-11-12,18.7,67,0.00,9.6,248,77
2019-11-13,19.5,69,0.00,9.2,311,94
2019-11-14,19.0,80,0.80,8.2,277,96
2019-11-15,19.3,79,0.10,8.8,8,73
2019-11-16,19.6,78,1.10,9.5,339,41
2019-11-17,18.9,71,0.00,13.9,302,7
2019-11-18,18.1,69,0.00,10.0,289,0
2019-11-19,17.9,63,0.00,9.4,314,38
2019-11-20,17.3,70,0.00,7.2,78,81
2019-11-21,16.8,78,0.00,9.7,36,83
2019-11-22,16.7,75,0.00,11.6,335,98
2019-11-23,17.7,72,0.10,12.2,320,25
2019-11-24,17.6,68,0.00,8.8,284,26
2019-11-25,17.3,65,0.00,9.7,111,0
2019-11-26,17.4,67,0.00,9.6,61,59
2019-11-27,15.8,88,6.30,13.4,54,55
2019-11-28,16.2,87,0.40,13.3,51,39
2019-11-29,15.0,83,0.00,8.6,359,4
2019-11-30,15.4,73,0.00,10.2,302,0
2019-12-01,15.4,65,0.00,10.4,306,0
2019-12-02,14.7,61,0.00,10.8,331,0
2019-12-03,14.2,58,0.00,11.2,317,0
2019-12-04,13.6,73,0.00,10.5,138,21
2019-12-05,13.4,79,0.00,8.8,76,0
2019-12-06,13.8,76,0.00,11.0,352,10
2019-12-07,13.9,70,0.00,10.6,330,0
2019-12-08,14.7,66,0.00,8.6,309,19
2019-12-09,14.1,71,0.10,8.4,99,53
2019-12-10,13.6,75,0.00,7.4,323,53
2019-12-11,13.5,81,0.00,7.2,102,71
2019-12-12,13.4,89,20.60,17.9,79,99
2019-12-13,12.6,84,3.10,14.0,272,58
2019-12-14,11.9,88,0.20,8.3,100,48
2019-12-15,11.4,85,0.00,9.9,313,16
2019-12-16,11.6,81,0.00,10.0,294,0
2019-12-17,10.7,80,0.00,10.9,292,20
2019-12-18,9.9,82,0.00,10.6,257,21
2019-12-19,10.2,89,0.00,7.7,109,88
2019-12-20,11.8,88,0.80,9.4,337,50
2019-12-21,11.5,89,0.00,11.0,326,28
2019-12-22,10.6,89,0.00,8.8,304,31
2019-12-23,9.1,90,0.00,8.2,260,67
2019-12-24,8.4,91,0.00,9.1,17,74
2019-12-25,8.1,92,0.00,8.7,296,53
2019-12-26,7.0,92,0.00,7.5,310,53
2019-12-27,5.4,92,0.00,8.4,108,56
2019-12-28,6.0,93,0.00,7.8,355,88
2019-12-29,6.7,87,0.00,7.8,10,43
2019-12-30,5.3,93,0.00,8.3,75,62
2019-12-31,6.5,87,0.00,11.0,98,64
2020-01-01,6.3,90,0.00,10.1,44,92
2020-01-02,9.5,85,0.00,10.4,25,60
2020-01-03,11.4,77,0.00,9.6,342,11
2020-01-04,10.6,80,0.20,10.2,163,28
2020-01-05,10.4,82,1.00,8.6,20,72
2020-01-06,9.9,89,13.10,10.9,47,100
2020-01-07,10.7,96,3.40,6.9,37,82
2020-01-08,9.6,86,0.10,10.7,316,57
2020-01-09,8.7,81,0.00,10.2,314,0
2020-01-10,9.1,74,0.00,12.7,295,38
2020-01-11,9.7,75,0.00,9.1,322,87
2020-01-12,12.5,69,0.10,11.9,322,84
2020-01-13,10.2,88,14.20,20.3,176,70
2020-01-14,9.5,85,0.00,9.8,42,33
2020-01-15,9.9,77,0.00,10.9,274,26
2020-01-16,10.0,84,0.00,9.5,262,66
2020-01-17,9.9,86,0.00,8.4,126,70
2020-01-18,10.7,81,0.00,11.9,136,10
2020-01-19,10.3,86,0.00,10.4,336,48
2020-01-20,12.7,73,0.30,10.3,296,81
2020-01-21,12.0,77,0.40,14.4,61,53
2020-01-22,11.5,70,0.00,15.0,330,0
2020-01-23,10.9,67,0.00,15.3,299,0
2020-01-24,11.1,64,0.00,12.9,284,17
2020-01-25,12.0,73,1.10,9.7,348,45
2020-01-26,12.6,74,0.00,8.7,63,6
2020-01-27,11.8,84,7.70,16.5,114,62
2020-01-28,11.8,92,16.40,16.8,116,78
2020-01-29,11.5,87,3.10,15.0,131,42
2020-01-30,10.3,85,0.00,10.2,308,44
2020-01-31,10.1,80,0.00,10.6,232,12
2020-02-01,11.3,76,0.30,9.1,47,11
2020-02-02,11.6,74,0.00,11.0,286,0
2020-02-03,11.6,72,0.00,9.4,269,0
2020-02-04,9.7,85,1.50,10.1,96,42
2020-02-05,10.3,78,0.00,11.8,294,5
2020-02-06,11.1,71,0.00,9.0,253,7
2020-02-07,11.9,72,0.00,10.8,16,0
2020-02-08,11.9,73,0.00,10.5,314,0
2020-02-09,13.5,70,0.00,8.4,284,25
2020-02-10,13.3,69,0.00,10.8,289,56
2020-02-11,13.6,72,0.00,9.7,294,66
2020-02-12,15.2,68,0.10,18.9,317,31
2020-02-13,16.8,65,0.00,16.7,292,31
2020-02-14,16.1,55,0.00,19.2,294,0
2020-02-15,15.9,46,0.00,15.1,284,13
2020-02-16,16.1,56,0.00,11.6,319,28
2020-02-17,15.9,46,0.00,15.9,318,11
2020-02-18,16.2,41,0.00,13.3,281,7
2020-02-19,16.8,57,0.40,25.3,117,32
2020-02-20,16.3,78,3.60,28.8,55,61
2020-02-21,16.1,80,0.70,18.2,96,38
2020-02-22,16.2,76,0.00,10.7,347,16
2020-02-23,18.0,66,0.00,10.8,314,0
2020-02-24,17.9,61,0.00,11.1,308,40
2020-02-25,18.6,58,0.00,12.5,321,12
2020-02-26,19.2,62,0.00,11.7,350,22
2020-02-27,19.5,75,0.00,12.3,114,40
2020-02-28,19.3,78,0.50,27.1,94,59
2020-02-29,17.2,84,21.30,22.6,88,80
2020-03-01,17.5,80,0.80,16.3,64,14
2020-03-02,18.1,72,0.00,8.6,318,3
2020-03-03,18.3,68,0.00,9.7,291,3
2020-03-04,18.1,69,0.00,13.8,132,64
2020-03-05,15.8,86,11.30,25.0,71,82
2020-03-06,14.6,91,23.20,26.9,92,99
2020-03-07,14.5,88,1.50,16.9,107,53
2020-03-08,15.7,81,0.00,13.2,72,19
2020-03-09,15.6,68,0.00,16.6,307,1
2020-03-10,16.0,70,0.00,9.7,324,40
2020-03-11,15.0,81,19.00,25.1,91,72
2020-03-12,16.8,79,20.30,30.4,126,54
2020-03-13,14.8,84,17.90,20.3,65,40
2020-03-14,14.5,88,5.30,14.5,61,56
2020-03-15,15.4,79,0.00,10.0,326,39
2020-03-16,17.0,76,0.00,9.8,283,47
2020-03-17,18.7,73,0.00,10.8,290,12
2020-03-18,19.4,75,0.80,12.8,294,62
2020-03-19,19.8,72,0.00,9.8,358,43
2020-03-20,19.8,76,1.40,11.7,40,81
2020-03-21,19.7,76,0.40,13.3,18,56
2020-03-22,20.1,64,0.00,10.6,341,38
2020-03-23,21.5,64,0.00,9.0,321,78
2020-03-24,20.7,77,2.80,15.5,69,71
2020-03-25,19.9,75,0.00,10.0,11,52
2020-03-26,20.9,68,0.00,15.2,305,99
2020-03-27,17.8,91,21.70,25.8,188,79
2020-03-28,18.5,77,0.70,15.8,122,35
2020-03-29,19.3,71,0.00,13.8,329,12
2020-03-30,20.0,65,0.00,12.0,319,75
2020-03-31,19.0,74,2.60,19.4,18,86
2020-04-01,20.3,68,0.00,18.2,340,10
2020-04-02,20.0,61,0.00,16.0,341,5
2020-04-03,20.2,60,0.00,14.3,317,17
2020-04-04,22.0,56,0.00,9.0,326,15
2020-04-05,22.3,62,0.40,17.8,39,46
2020-04-06,22.1,62,0.00,14.6,346,24
2020-04-07,21.2,64,0.20,21.8,323,48
2020-04-08,21.7,60,0.00,11.7,341,14
2020-04-09,23.8,52,0.00,9.5,295,76
2020-04-10,25.0,49,0.00,17.3,355,61
2020-04-11,25.5,51,0.00,11.6,334,54
2020-04-12,27.1,45,0.00,12.0,317,65
2020-04-13,28.2,48,0.00,15.1,355,65
2020-04-14,28.3,51,0.20,20.4,98,65
2020-04-15,29.2,40,0.10,20.3,82,27
2020-04-16,28.8,39,0.00,15.2,304,86
2020-04-17,24.3,56,7.40,19.6,73,88
2020-04-18,22.5,67,4.80,25.2,39,32
2020-04-19,23.7,59,0.00,17.8,345,18
2020-04-20,23.8,55,0.00,19.3,8,65
2020-04-21,23.7,56,0.20,15.6,10,14
2020-04-22,25.8,49,0.00,11.0,5,34
2020-04-23,27.2,45,0.00,9.8,30,22
2020-04-24,28.5,39,0.00,9.2,42,19
2020-04-25,27.4,45,0.00,13.2,63,48
2020-04-26,26.2,56,3.50,19.1,74,33
2020-04-27,25.0,64,1.40,28.7,93,33
2020-04-28,26.0,59,0.10,14.8,53,41
2020-04-29,28.8,49,0.10,8.8,343,28
2020-04-30,29.8,42,0.40,18.0,15,28
2020-05-01,31.2,35,0.00,11.2,360,32
2020-05-02,30.2,46,0.10,26.4,94,61
2020-05-03,26.3,61,3.10,31.1,27,55
2020-05-04,26.8,59,0.00,10.9,341,53
2020-05-05,27.5,48,1.10,17.6,347,49
2020-05-06,26.7,45,0.20,21.6,41,41
2020-05-07,27.7,44,0.00,13.7,55,30
2020-05-08,30.4,36,0.00,10.3,344,33
2020-05-09,31.0,37,0.00,35.5,77,48
2020-05-10,30.8,39,0.00,36.2,78,25
2020-05-11,29.7,46,0.10,21.6,99,54
2020-05-12,29.7,46,0.00,11.4,40,61
2020-05-13,29.5,48,0.20,16.6,336,83
2020-05-14,26.6,61,0.60,23.5,83,59
2020-05-15,28.3,50,0.00,17.1,319,4
2020-05-16,30.0,42,0.00,17.0,298,11
2020-05-17,30.6,31,0.00,16.7,337,36
2020-05-18,30.4,29,0.00,13.6,347,7
2020-05-19,29.1,29,0.20,22.7,354,32
2020-05-20,30.8,28,0.00,15.8,316,0
2020-05-21,33.0,24,0.00,18.2,299,0
2020-05-22,34.0,26,0.00,11.2,46,10
2020-05-23,34.7,26,0.00,21.5,107,17
2020-05-24,34.3,26,0.00,15.8,331,7
2020-05-25,35.0,25,0.00,18.0,319,5
2020-05-26,35.7,23,0.00,13.3,261,8
2020-05-27,35.5,26,0.00,21.1,81,16
2020-05-28,33.3,34,0.10,43.4,89,27
2020-05-29,30.1,52,0.30,31.2,109,17
2020-05-30,27.0,68,11.60,21.6,97,43
2020-05-31,26.4,68,1.30,17.4,101,40
2020-06-01,27.1,62,0.10,13.5,69,14
2020-06-02,28.2,58,0.00,12.7,38,46
2020-06-03,28.7,55,0.20,23.4,14,26
2020-06-04,30.0,48,0.00,15.6,352,29
2020-06-05,29.9,47,0.00,19.6,115,20
2020-06-06,27.9,60,0.60,24.0,78,29
2020-06-07,29.0,58,1.50,8.9,37,14
2020-06-08,31.6,51,0.00,12.0,68,2
2020-06-09,32.6,50,0.20,21.2,76,9
2020-06-10,32.7,52,0.00,11.9,76,14
2020-06-11,33.1,51,0.00,15.6,73,17
2020-06-12,33.5,47,0.00,17.2,64,12
2020-06-13,32.5,45,0.00,23.2,30,15
2020-06-14,33.9,40,0.00,14.0,336,5
2020-06-15,34.9,34,0.00,13.4,334,6
2020-06-16,34.6,35,0.00,13.4,82,3
2020-06-17,35.5,33,0.00,12.4,108,4
2020-06-18,36.1,35,0.00,13.4,72,9
2020-06-19,35.7,41,0.00,23.7,90,15
2020-06-20,35.0,43,0.00,19.6,99,21
2020-06-21,35.5,41,0.00,26.8,106,14
2020-06-22,34.1,52,0.00,20.9,121,5
2020-06-23,34.5,52,0.00,17.9,115,10
2020-06-24,33.1,58,0.90,17.4,109,21
2020-06-25,30.8,70,4.90,11.9,61,38
2020-06-26,31.7,63,0.80,10.0,195,23
2020-06-27,33.5,60,0.80,7.5,16,36
2020-06-28,34.2,59,0.30,20.4,113,27
2020-06-29,32.7,62,7.80,17.0,79,35
2020-06-30,32.8,63,0.00,13.5,108,20
2020-07-01,32.7,64,3.80,11.6,134,23
2020-07-02,35.0,55,0.00,12.4,268,2
2020-07-03,36.4,51,0.00,16.6,140,11
2020-07-04,33.9,60,9.80,20.3,117,45
2020-07-05,29.3,72,10.90,21.6,108,43
2020-07-06,30.6,65,0.00,8.8,98,50
2020-07-07,31.7,64,0.00,15.0,117,15
2020-07-08,29.7,70,0.40,20.6,107,38
2020-07-09,31.3,68,0.00,8.4,81,36
2020-07-10,33.5,59,0.00,17.6,226,10
2020-07-11,32.6,63,1.00,15.3,138,33
2020-07-12,30.8,69,6.30,17.2,133,24
2020-07-13,30.5,70,0.00,7.9,181,2
2020-07-14,32.4,64,0.10,10.0,165,5
2020-07-15,32.6,67,1.10,17.9,121,12
2020-07-16,31.5,69,0.70,14.8,95,13
2020-07-17,31.6,70,0.40,15.2,95,11
2020-07-18,31.8,72,2.40,12.2,101,14
2020-07-19,31.9,72,0.20,12.4,116,11
2020-07-20,30.3,75,5.80,13.3,152,34
2020-07-21,26.4,85,15.20,17.9,136,69
2020-07-22,27.7,77,0.10,9.8,45,38
2020-07-23,29.5,72,0.00,10.0,159,3
2020-07-24,30.7,69,0.10,15.1,118,6
2020-07-25,30.9,70,0.00,13.5,117,27
2020-07-26,31.4,69,0.00,13.0,121,16
2020-07-27,32.2,68,1.20,8.9,217,14
2020-07-28,33.9,59,0.00,9.2,189,12
2020-07-29,33.0,67,0.00,15.5,117,19
2020-07-30,30.0,76,4.70,21.1,117,47
2020-07-31,30.5,73,8.90,16.9,114,19
2020-08-01,30.7,75,6.80,13.6,107,25
2020-08-02,32.0,70,0.10,10.0,182,12
2020-08-03,33.0,66,0.00,12.9,139,15
2020-08-04,32.9,67,0.00,12.9,106,7
2020-08-05,33.1,67,0.00,18.0,96,9
2020-08-06,31.6,70,0.00,14.6,95,65
2020-08-07,32.2,64,0.00,20.0,114,45
2020-08-08,32.4,65,0.00,10.5,121,33
2020-08-09,30.9,79,23.70,10.1,102,66
2020-08-10,30.4,82,6.10,13.6,118,82
2020-08-11,30.8,79,3.70,10.7,144,47
2020-08-12,32.3,74,2.30,17.1,166,29
2020-08-13,30.9,77,0.10,19.8,114,25
2020-08-14,30.2,73,1.60,17.2,111,64
2020-08-15,31.3,70,0.70,13.4,115,24
2020-08-16,31.7,70,1.20,13.4,116,21
2020-08-17,31.7,73,0.20,13.8,117,71
2020-08-18,32.2,72,2.60,13.8,122,42
2020-08-19,30.7,78,17.00,18.2,131,84
2020-08-20,27.4,86,4.80,20.2,119,91
2020-08-21,27.5,85,2.90,13.8,92,57
2020-08-22,28.8,78,0.00,7.1,13,5
2020-08-23,29.7,75,0.80,10.1,122,20
2020-08-24,30.4,72,0.40,11.4,121,5
2020-08-25,30.0,74,1.00,15.3,112,28
2020-08-26,28.9,83,4.20,18.1,110,63
2020-08-27,28.4,82,6.30,10.9,157,73
2020-08-28,27.7,85,12.90,8.8,116,47
2020-08-29,28.7,78,0.30,6.9,67,13
2020-08-30,29.3,77,1.60,12.9,102,34
2020-08-31,28.9,77,6.70,19.4,105,58
2020-09-01,29.0,74,1.30,22.2,122,45
2020-09-02,29.1,79,2.70,12.9,80,34
2020-09-03,28.7,82,13.00,12.3,100,60
2020-09-04,26.7,91,22.70,12.4,17,97
2020-09-05,27.9,88,12.40,7.2,318,76
2020-09-06,28.4,84,1.10,8.8,155,19
2020-09-07,28.8,79,0.00,8.2,279,11
2020-09-08,29.7,76,0.00,7.4,247,4
2020-09-09,30.1,75,0.00,7.6,237,5
2020-09-10,30.3,74,0.00,10.5,277,5
2020-09-11,30.1,69,0.00,9.1,151,0
2020-09-12,30.5,68,0.00,9.7,36,0
2020-09-13,30.8,64,0.00,7.9,163,5
2020-09-14,30.7,62,0.00,10.7,172,6
2020-09-15,31.4,63,0.00,11.3,246,47
2020-09-16,32.0,61,0.00,13.8,274,61
2020-09-17,32.2,59,0.00,10.5,256,28
2020-09-18,31.6,63,0.00,9.4,206,3
2020-09-19,31.4,59,0.00,10.1,226,1
2020-09-20,30.8,58,0.00,16.7,284,0
2020-09-21,31.0,55,0.00,12.0,312,0
2020-09-22,31.4,54,0.00,6.9,30,6
2020-09-23,30.9,59,0.00,9.3,226,4
2020-09-24,30.8,60,0.00,15.8,263,7
2020-09-25,30.6,54,0.00,12.2,239,11
2020-09-26,28.7,50,0.00,14.2,136,11
2020-09-27,29.3,50,0.00,14.6,146,4
2020-09-28,29.0,54,0.00,10.1,284,5
2020-09-29,28.4,55,0.00,11.0,290,3
2020-09-30,28.3,54,0.00,11.5,302,2
2020-10-01,28.5,53,0.00,9.3,336,1
2020-10-02,27.9,48,0.00,11.8,304,0
2020-10-03,27.9,45,0.00,12.3,284,0
2020-10-04,27.4,48,0.00,14.2,300,0
2020-10-05,26.9,54,0.00,13.7,292,0
2020-10-06,27.4,51,0.00,10.2,327,0
2020-10-07,27.7,48,0.00,13.0,63,0
2020-10-08,27.6,44,0.00,11.3,89,0
2020-10-09,28.0,46,0.00,11.5,297,0
2020-10-10,27.7,52,0.00,13.3,319,0
2020-10-11,26.8,51,0.00,14.3,302,0
2020-10-12,27.4,44,0.00,9.7,63,0
2020-10-13,27.7,45,0.00,12.5,71,3
2020-10-14,26.6,48,0.00,14.1,337,0
2020-10-15,25.9,43,0.00,13.2,318,0
2020-10-16,25.7,42,0.00,11.4,326,0
2020-10-17,25.7,40,0.00,11.5,329,0
2020-10-18,25.7,39,0.00,13.3,304,0
2020-10-19,25.0,40,0.00,11.2,321,0
2020-10-20,24.8,35,0.00,11.5,89,0
2020-10-21,25.0,39,0.00,11.1,67,1
2020-10-22,24.1,44,0.00,12.9,24,0
2020-10-23,23.9,47,0.00,9.2,37,0
2020-10-24,24.2,48,0.00,9.7,17,1
2020-10-25,24.3,40,0.00,15.2,115,23
2020-10-26,23.2,43,0.00,12.3,337,1
2020-10-27,22.0,43,0.00,9.2,310,0
2020-10-28,22.0,47,0.00,9.5,84,0
2020-10-29,22.6,45,0.00,9.3,55,0
2020-10-30,22.2,51,0.00,17.9,332,0
2020-10-31,20.8,45,0.00,15.1,321,0
2020-11-01,21.2,42,0.00,10.4,300,0
2020-11-02,22.2,31,0.00,10.8,236,0
2020-11-03,21.2,42,0.00,10.3,333,0
2020-11-04,21.5,49,0.00,9.4,7,0
2020-11-05,21.1,47,0.00,8.8,80,0
2020-11-06,20.9,51,0.00,12.5,355,0
2020-11-07,20.7,50,0.00,12.9,329,0
2020-11-08,20.3,48,0.00,9.5,77,0
2020-11-09,20.4,55,0.00,9.9,71,13
2020-11-10,20.3,57,0.00,10.5,42,38
2020-11-11,20.1,60,0.00,8.6,15,22
2020-11-12,19.7,59,0.00,9.4,354,39
2020-11-13,19.5,61,0.00,10.0,339,9
2020-11-14,18.8,68,0.00,11.6,74,60
2020-11-15,16.7,76,5.50,17.7,100,52
2020-11-16,16.3,81,1.20,14.3,51,51
2020-11-17,16.2,66,0.00,10.8,319,0
2020-11-18,14.9,62,0.00,9.7,256,1
2020-11-19,15.6,56,0.00,9.0,157,3
2020-11-20,15.6,57,0.00,16.9,331,0
2020-11-21,14.4,52,0.00,12.2,322,4
2020-11-22,14.1,56,0.00,10.6,336,53
2020-11-23,15.4,60,0.00,9.4,15,85
2020-11-24,17.3,59,0.00,17.7,28,95
2020-11-25,15.3,74,3.10,13.4,64,71
2020-11-26,15.2,70,0.00,11.4,358,10
2020-11-27,15.5,64,0.00,13.3,327,0
2020-11-28,14.8,59,0.00,11.5,307,21
2020-11-29,15.0,66,0.00,9.0,309,57
2020-11-30,15.6,70,0.00,10.1,334,17
2020-12-01,17.2,66,0.00,7.7,349,0
2020-12-02,17.0,71,0.00,9.3,315,0
2020-12-03,17.4,71,0.00,7.6,90,0
2020-12-04,17.3,74,0.00,9.7,100,0
2020-12-05,18.1,71,0.00,12.1,87,42
2020-12-06,18.0,75,0.00,8.7,59,6
2020-12-07,17.4,71,0.00,10.0,340,25
2020-12-08,16.3,68,0.00,12.2,359,18
2020-12-09,15.6,76,1.30,12.7,351,71
2020-12-10,16.1,74,0.00,10.6,343,1
2020-12-11,14.5,72,2.70,20.0,334,56
2020-12-12,13.4,78,5.00,9.7,335,14
2020-12-13,12.0,82,0.00,8.9,300,8
2020-12-14,11.4,78,0.00,10.1,289,0
2020-12-15,10.5,79,0.00,9.8,306,1
2020-12-16,9.6,80,0.00,9.6,307,7
2020-12-17,9.2,69,0.00,11.0,307,0
2020-12-18,9.4,67,0.00,11.5,310,0
2020-12-19,9.9,67,0.00,10.8,324,11
2020-12-20,11.8,68,0.00,10.9,323,61
2020-12-21,13.0,72,0.00,10.3,297,28
2020-12-22,12.6,74,0.00,9.8,320,0
2020-12-23,13.1,74,0.00,6.6,140,0
2020-12-24,12.1,78,0.00,7.4,74,35
2020-12-25,11.6,80,0.00,9.2,53,24
2020-12-26,10.5,85,0.00,7.9,121,31
2020-12-27,9.4,91,6.20,15.2,135,50
2020-12-28,9.7,74,0.00,14.5,124,16
2020-12-29,8.6,78,0.00,11.4,309,0
2020-12-30,8.7,77,0.00,9.5,325,0
2020-12-31,8.2,83,0.00,11.1,331,75
2021-01-01,9.3,80,0.00,9.5,144,34
2021-01-02,9.8,86,2.60,11.7,45,71
2021-01-03,13.9,87,2.40,15.3,79,65
2021-01-04,15.4,88,11.20,15.5,90,71
2021-01-05,15.0,93,23.10,20.5,101,93
2021-01-06,14.1,90,0.30,20.4,208,53
2021-01-07,12.2,91,0.00,8.9,293,46
2021-01-08,12.4,87,0.00,8.8,270,51
2021-01-09,10.9,86,0.00,9.9,312,20
2021-01-10,9.7,89,0.00,9.7,294,34
2021-01-11,10.2,88,0.00,7.0,185,40
2021-01-12,9.4,91,0.00,7.6,291,56
2021-01-13,8.3,90,0.00,6.5,146,54
2021-01-14,8.5,91,0.00,9.2,86,96
2021-01-15,9.5,91,0.00,5.4,12,64
2021-01-16,8.4,95,0.00,6.2,306,80
2021-01-17,8.4,90,0.00,11.9,104,62
2021-01-18,11.1,89,0.00,11.2,63,4
2021-01-19,12.0,85,0.00,9.2,310,0
2021-01-20,12.4,83,0.00,10.7,288,0
2021-01-21,11.4,79,0.00,11.4,278,15
2021-01-22,12.0,82,0.00,17.2,113,71
2021-01-23,12.1,83,0.80,17.0,133,56
2021-01-24,11.3,82,0.00,10.9,334,37
2021-01-25,11.5,69,0.00,10.4,299,1
2021-01-26,10.7,72,0.00,11.5,303,0
2021-01-27,10.9,71,0.00,10.7,299,0
2021-01-28,11.3,73,0.00,11.1,292,0
2021-01-29,11.0,74,0.00,10.5,296,0
2021-01-30,10.9,70,0.00,12.3,288,39
2021-01-31,12.8,68,0.00,10.9,123,11
2021-02-01,13.2,76,0.00,9.8,40,0
2021-02-02,13.1,74,0.00,11.3,8,19
2021-02-03,13.8,77,1.10,17.8,80,20
2021-02-04,12.7,78,0.00,18.7,59,15
2021-02-05,12.2,77,0.00,9.2,49,1
2021-02-06,13.3,73,0.00,13.8,309,0
2021-02-07,14.9,69,0.00,10.5,292,0
2021-02-08,15.2,74,0.00,10.2,132,29
2021-02-09,15.5,75,0.00,9.1,145,8
2021-02-10,16.2,77,0.00,9.0,55,0
2021-02-11,16.2,78,0.00,9.0,230,0
2021-02-12,16.1,79,0.00,7.9,43,80
2021-02-13,15.9,84,0.00,8.3,127,81
2021-02-14,15.3,87,0.00,9.2,66,41
2021-02-15,15.3,88,0.00,8.4,94,69
2021-02-16,16.0,87,0.00,9.4,20,48
2021-02-17,17.1,82,0.00,6.4,130,19
2021-02-18,16.4,85,0.00,9.5,105,24
2021-02-19,16.6,80,0.00,8.1,177,21
2021-02-20,17.3,75,0.00,8.0,159,41
2021-02-21,18.2,72,0.00,9.0,273,28
2021-02-22,18.3,75,0.00,10.6,156,13
2021-02-23,18.9,78,0.00,11.4,112,20
2021-02-24,19.0,75,0.00,10.6,76,9
2021-02-25,20.6,66,0.00,14.1,63,3
2021-02-26,20.7,72,0.00,17.4,135,14
2021-02-27,19.5,68,0.00,19.5,191,6
2021-02-28,17.7,72,0.00,9.2,75,1
2021-03-01,18.3,63,0.00,17.3,315,0
2021-03-02,18.6,50,0.00,17.3,297,0
2021-03-03,19.1,59,0.00,9.4,106,0
2021-03-04,19.3,64,0.00,10.0,56,7
2021-03-05,19.9,58,0.00,14.8,308,0
2021-03-06,19.4,57,0.00,17.1,17,47
2021-03-07,22.4,48,0.20,20.1,103,35
2021-03-08,21.6,59,0.70,16.9,69,21
2021-03-09,21.6,58,0.00,16.8,27,1
2021-03-10,21.8,63,0.00,10.7,341,20
2021-03-11,21.3,61,0.00,17.7,52,60
2021-03-12,19.9,58,1.30,22.9,50,42
2021-03-13,19.6,58,0.00,14.2,336,42
2021-03-14,20.5,64,0.00,15.2,323,4
2021-03-15,20.6,64,0.00,11.2,324,32
2021-03-16,22.0,64,0.00,11.9,344,31
2021-03-17,22.0,63,0.70,13.0,331,71
2021-03-18,22.6,58,0.00,14.2,350,70
2021-03-19,22.7,52,0.10,12.8,334,46
2021-03-20,22.5,52,0.00,13.4,313,46
2021-03-21,21.0,64,0.00,21.0,28,95
2021-03-22,20.7,65,2.60,26.6,62,77
2021-03-23,19.8,68,3.90,31.6,116,62
2021-03-24,19.4,67,0.60,15.5,358,25
2021-03-25,20.3,63,0.00,15.6,317,16
2021-03-26,21.5,62,0.00,10.1,313,5
2021-03-27,23.0,63,0.00,9.1,348,4
2021-03-28,25.5,59,0.00,18.8,103,18
2021-03-29,27.6,46,0.00,22.8,121,9
2021-03-30,25.5,45,0.00,19.2,349,3
2021-03-31,24.1,19,0.00,24.4,315,0
2021-04-01,23.2,18,0.00,25.7,307,0
2021-04-02,21.5,20,0.00,19.7,298,0
2021-04-03,22.1,31,0.00,12.5,14,4
2021-04-04,23.7,36,0.00,15.2,21,65
2021-04-05,24.8,38,0.00,17.2,35,80
2021-04-06,24.4,45,3.10,28.8,2,81
2021-04-07,22.9,59,0.30,15.3,25,4
2021-04-08,22.4,41,0.00,13.9,331,2
2021-04-09,24.0,38,0.00,14.6,351,5
2021-04-10,25.7,30,0.00,14.5,345,9
2021-04-11,26.2,34,0.00,12.7,15,56
2021-04-12,27.0,34,0.00,18.5,18,77
2021-04-13,27.9,35,0.00,13.2,340,72
2021-04-14,28.1,32,0.00,19.3,346,81
2021-04-15,26.8,36,0.00,21.9,21,93
2021-04-16,24.9,45,2.90,28.6,346,84
2021-04-17,21.4,77,7.80,19.0,71,58
2021-04-18,23.6,62,0.00,14.1,36,22
2021-04-19,25.4,41,0.00,15.0,356,44
2021-04-20,22.7,48,0.80,17.9,350,95
2021-04-21,21.2,63,1.40,15.5,58,38
2021-04-22,21.3,66,0.10,25.5,105,45
2021-04-23,21.1,59,3.30,20.0,44,44
2021-04-24,22.6,52,0.00,13.1,346,0
2021-04-25,26.7,35,0.00,10.8,309,3
2021-04-26,27.9,35,0.00,10.8,32,8
2021-04-27,29.8,34,0.00,27.7,53,31
2021-04-28,30.8,27,0.00,19.5,345,37
2021-04-29,30.9,26,0.00,25.4,51,48
2021-04-30,31.0,30,0.00,16.8,76,68
2021-05-01,31.1,28,0.00,15.0,71,56
2021-05-02,31.7,30,0.00,11.7,79,12
2021-05-03,31.7,31,0.00,10.1,228,19
2021-05-04,30.6,37,1.50,18.1,86,31
2021-05-05,29.4,44,0.00,16.9,31,31
2021-05-06,28.8,42,0.90,21.4,313,65
2021-05-07,28.5,44,0.50,19.7,67,59
2021-05-08,29.4,41,0.00,13.5,46,22
2021-05-09,30.1,36,0.40,15.6,79,37
2021-05-10,30.9,37,0.00,25.3,93,39
2021-05-11,29.8,42,0.00,16.9,80,30
2021-05-12,28.5,46,0.30,11.6,59,59
2021-05-13,26.2,59,1.00,20.3,97,38
2021-05-14,26.9,53,0.20,17.1,55,33
2021-05-15,28.7,42,0.00,15.5,355,27
2021-05-16,30.6,32,0.00,14.5,349,24
2021-05-17,31.6,29,0.00,15.5,343,3
2021-05-18,32.3,27,0.00,19.6,248,33
2021-05-19,29.2,44,0.00,17.6,178,44
2021-05-20,29.2,46,0.00,26.1,202,8
2021-05-21,30.2,43,0.20,29.0,103,13
2021-05-22,30.4,38,0.00,10.2,64,30
2021-05-23,28.9,37,0.00,16.6,1,55
2021-05-24,29.8,37,0.00,17.6,308,3
2021-05-25,31.4,28,0.00,14.5,324,1
2021-05-26,32.5,26,0.00,15.8,321,0
2021-05-27,34.2,24,0.00,13.1,312,0
2021-05-28,34.8,28,0.00,14.8,257,2
2021-05-29,35.0,34,0.00,29.3,106,11
2021-05-30,33.8,44,0.00,21.9,113,13
2021-05-31,31.8,47,0.60,31.0,87,19
2021-06-01,28.7,57,3.30,14.8,115,44
2021-06-02,30.6,49,0.40,10.7,354,17
2021-06-03,29.7,54,1.40,17.6,82,28
2021-06-04,29.5,54,0.90,9.6,75,18
2021-06-05,30.9,51,0.40,14.9,75,14
2021-06-06,32.7,45,0.00,10.0,211,7
2021-06-07,35.1,37,0.00,11.2,238,8
2021-06-08,36.1,38,0.00,12.4,237,0
2021-06-09,37.3,39,0.00,15.8,228,11
2021-06-10,36.7,42,0.00,18.1,189,18
2021-06-11,35.4,49,0.10,19.0,137,8
2021-06-12,35.0,48,0.00,22.7,112,10
2021-06-13,30.6,61,4.00,25.6,114,35
2021-06-14,31.3,52,0.00,11.6,77,4
2021-06-15,31.8,51,0.00,15.9,153,41
2021-06-16,29.5,60,0.10,12.2,121,19
2021-06-17,30.5,53,0.00,8.0,61,23
2021-06-18,32.9,42,0.00,13.1,138,31
2021-06-19,33.4,44,0.00,22.7,143,7
2021-06-20,32.4,49,0.00,18.8,120,12
2021-06-21,32.9,44,0.00,11.6,288,14
2021-06-22,33.8,41,0.00,12.4,278,4
2021-06-23,34.4,37,0.00,10.0,190,6
2021-06-24,33.3,40,0.10,24.7,106,14
2021-06-25,33.5,42,0.00,15.1,129,17
2021-06-26,31.9,47,0.00,13.0,136,21
2021-06-27,33.2,45,0.00,10.9,232,8
2021-06-28,34.7,40,0.00,14.2,274,1
2021-06-29,35.9,35,0.00,18.7,272,8
2021-06-30,36.5,35,0.00,17.1,240,4
2021-07-01,36.2,39,0.00,18.5,216,5
2021-07-02,35.9,39,0.20,14.8,203,15
2021-07-03,33.5,48,0.10,18.7,124,24
2021-07-04,34.5,47,0.00,12.3,240,10
2021-07-05,34.4,47,0.00,14.6,286,8
2021-07-06,35.2,45,0.00,10.1,252,6
2021-07-07,35.8,40,0.00,10.8,261,8
2021-07-08,35.0,44,0.00,20.7,164,16
2021-07-09,34.2,52,0.00,15.6,124,38
2021-07-10,33.6,59,0.30,10.7,126,25
2021-07-11,33.2,64,1.70,16.8,102,36
2021-07-12,29.8,75,5.00,26.7,116,48
2021-07-13,29.0,78,2.90,17.3,103,51
2021-07-14,30.2,71,0.20,12.3,88,69
2021-07-15,31.1,68,0.00,14.8,103,39
2021-07-16,32.2,68,0.60,13.7,111,11
2021-07-17,33.7,61,0.20,13.6,136,5
2021-07-18,34.9,61,0.00,21.4,130,46
2021-07-19,30.4,76,7.20,23.0,115,78
2021-07-20,27.4,85,20.80,17.8,114,74
2021-07-21,28.5,80,2.40,12.6,115,48
2021-07-22,29.8,77,0.60,11.6,101,38
2021-07-23,29.7,73,0.30,19.5,110,51
2021-07-24,32.0,65,0.20,9.1,108,36
2021-07-25,32.5,70,0.40,11.6,110,47
2021-07-26,31.0,80,1.50,14.1,118,99
2021-07-27,29.7,86,8.40,13.0,148,99
2021-07-28,27.0,93,18.30,15.5,133,100
2021-07-29,27.8,82,15.10,14.4,105,62
2021-07-30,28.0,83,4.30,17.7,104,47
2021-07-31,29.0,81,2.10,17.3,103,50
2021-08-01,29.6,79,4.50,11.5,132,29
2021-08-02,30.2,81,3.00,9.1,115,23
2021-08-03,30.2,81,0.20,11.5,116,12
2021-08-04,30.3,79,0.10,10.0,111,12
2021-08-05,30.4,79,5.60,13.0,107,19
2021-08-06,29.8,79,0.80,14.4,95,22
2021-08-07,30.6,75,0.00,9.9,120,17
2021-08-08,30.8,76,0.30,13.4,113,17
2021-08-09,30.4,78,1.20,12.6,114,23
2021-08-10,31.1,74,0.40,12.0,122,18
2021-08-11,31.9,66,0.00,10.7,152,9
2021-08-12,32.2,62,0.00,9.4,170,7
2021-08-13,32.4,61,0.00,11.0,166,16
2021-08-14,31.9,65,0.60,11.3,141,17
2021-08-15,30.0,74,7.30,18.8,90,20
2021-08-16,31.3,67,0.40,10.5,109,24
2021-08-17,32.6,60,0.00,10.1,165,6
2021-08-18,33.0,54,0.00,10.0,186,10
2021-08-19,33.1,54,0.00,10.1,145,7
2021-08-20,32.4,64,0.10,15.7,121,25
2021-08-21,28.9,73,0.00,20.9,115,72
2021-08-22,28.2,78,0.90,13.3,80,85
2021-08-23,29.6,73,0.00,8.0,91,39
2021-08-24,32.2,66,0.00,14.0,168,28
2021-08-25,33.6,57,0.00,12.1,188,27
2021-08-26,33.3,53,0.00,11.9,202,1
2021-08-27,32.8,57,0.00,11.7,146,8
2021-08-28,31.9,63,0.00,13.7,110,17
2021-08-29,31.3,67,0.10,15.3,115,15
2021-08-30,29.8,73,3.50,18.4,105,18
2021-08-31,29.0,72,4.00,18.6,90,41
2021-09-01,29.4,73,0.80,11.3,110,18
2021-09-02,29.6,73,0.00,10.2,107,10
2021-09-03,28.8,77,5.50,10.3,108,60
2021-09-04,29.4,73,0.00,6.9,92,24
2021-09-05,30.4,70,0.00,10.0,113,8
2021-09-06,31.2,69,0.10,8.2,106,11
2021-09-07,30.8,72,0.70,15.6,112,13
2021-09-08,28.9,79,3.80,14.3,90,77
2021-09-09,28.6,78,5.10,13.9,94,51
2021-09-10,27.2,85,16.10,17.3,95,62
2021-09-11,25.9,87,18.90,19.1,72,68
2021-09-12,25.5,84,2.60,16.4,63,42
2021-09-13,27.1,81,0.00,8.7,33,5
2021-09-14,28.4,79,0.70,9.1,80,10
2021-09-15,29.0,75,0.00,13.8,22,15
2021-09-16,29.4,75,0.00,10.7,238,5
2021-09-17,28.5,74,0.00,15.3,118,14
2021-09-18,28.9,78,0.20,7.9,94,12
2021-09-19,29.3,79,0.60,8.6,66,19
2021-09-20,29.5,78,0.10,7.5,83,29
2021-09-21,28.0,82,13.50,21.6,102,58
2021-09-22,26.9,84,10.00,12.9,105,41
2021-09-23,25.7,86,3.10,13.1,97,39
2021-09-24,26.5,82,0.20,10.5,70,23
2021-09-25,27.9,77,0.10,7.9,304,6
2021-09-26,28.2,76,0.00,7.8,99,4
2021-09-27,28.6,78,0.00,8.0,64,4
2021-09-28,29.0,75,0.00,6.9,78,10
2021-09-29,29.2,73,0.20,9.4,97,14
2021-09-30,28.9,75,0.30,8.6,130,11
2021-10-01,29.0,77,0.60,10.5,111,12
2021-10-02,28.5,78,0.20,11.9,106,22
2021-10-03,29.3,74,1.10,12.0,100,18
2021-10-04,28.4,74,1.70,12.3,85,26
2021-10-05,28.0,75,1.10,11.6,86,15
2021-10-06,28.0,70,0.00,9.2,299,0
2021-10-07,28.0,63,0.00,10.1,268,0
2021-10-08,28.5,64,0.00,10.5,193,0
2021-10-09,28.6,64,0.00,10.5,106,0
2021-10-10,28.9,62,0.00,17.8,141,0
2021-10-11,27.9,57,0.00,20.5,104,2
2021-10-12,26.5,59,0.00,9.8,175,1
2021-10-13,25.2,61,0.00,9.4,320,0
2021-10-14,25.2,56,0.00,10.5,316,0
2021-10-15,25.9,49,0.00,8.0,302,0
2021-10-16,25.9,53,0.00,9.4,233,4
2021-10-17,25.1,63,1.50,16.6,80,36
2021-10-18,23.4,79,1.10,15.9,26,54
2021-10-19,24.8,69,0.00,14.8,299,0
2021-10-20,24.5,60,0.00,9.4,253,0
2021-10-21,24.0,55,0.00,10.2,190,0
2021-10-22,23.8,57,0.00,18.7,170,3
2021-10-23,20.7,79,42.60,27.9,97,63
2021-10-24,19.1,81,2.30,19.8,89,57
2021-10-25,19.3,71,0.00,14.7,344,1
2021-10-26,18.8,68,0.00,9.7,320,1
2021-10-27,19.6,70,0.00,9.9,334,0
2021-10-28,19.8,65,0.00,10.1,323,0
2021-10-29,20.5,63,0.00,8.8,0,0
2021-10-30,21.2,63,0.00,12.0,310,0
2021-10-31,19.6,66,0.00,10.5,356,0
2021-11-01,20.2,65,0.00,16.3,87,6
2021-11-02,20.2,60,0.90,28.7,58,23
2021-11-03,20.2,55,0.00,15.8,30,2
2021-11-04,19.8,62,0.00,8.6,347,1
2021-11-05,20.0,63,0.00,11.6,101,0
2021-11-06,19.7,64,0.00,12.6,308,0
2021-11-07,19.3,60,0.00,8.9,331,0
2021-11-08,19.8,62,0.00,10.2,300,0
2021-11-09,19.6,63,0.00,9.0,342,0
2021-11-10,19.9,65,0.00,9.6,128,0
2021-11-11,19.5,67,0.00,7.6,31,0
2021-11-12,19.8,64,0.00,9.4,290,0
2021-11-13,19.0,59,0.00,10.7,296,0
2021-11-14,18.4,57,0.00,11.2,199,0
2021-11-15,17.1,61,0.00,11.8,311,0
2021-11-16,17.4,59,0.00,9.5,312,0
2021-11-17,17.7,59,0.00,7.3,336,0
2021-11-18,17.5,62,0.00,6.5,283,0
2021-11-19,16.5,69,0.00,10.0,308,0
2021-11-20,16.6,68,0.00,10.4,313,0
2021-11-21,16.6,67,0.00,10.9,319,0
2021-11-22,16.4,63,0.00,15.0,290,0
2021-11-23,15.7,68,0.00,9.7,281,0
2021-11-24,16.9,66,0.00,13.3,101,0
2021-11-25,16.9,70,0.00,10.8,71,2
2021-11-26,17.0,71,0.00,8.9,161,0
2021-11-27,16.2,75,0.00,9.8,97,0
2021-11-28,16.6,74,0.00,10.1,33,0
2021-11-29,16.8,68,0.00,15.0,325,1
2021-11-30,16.0,72,0.00,10.0,273,13
2021-12-01,16.0,71,0.00,7.4,122,68
2021-12-02,16.1,73,0.00,9.7,327,64
2021-12-03,15.5,74,0.00,9.2,32,1
2021-12-04,16.5,74,0.00,9.2,322,1
2021-12-05,16.1,77,0.40,24.3,102,18
2021-12-06,15.5,74,0.00,11.0,354,1
2021-12-07,14.6,72,0.00,10.2,325,14
2021-12-08,14.7,70,0.00,9.2,304,4
2021-12-09,14.8,68,0.00,10.0,326,0
2021-12-10,14.0,73,0.00,10.6,293,0
2021-12-11,13.1,68,0.00,10.2,310,23
2021-12-12,13.5,68,0.00,9.0,73,60
2021-12-13,12.3,76,0.00,9.1,75,24
2021-12-14,12.1,73,0.00,9.5,58,2
2021-12-15,11.8,71,0.00,10.5,327,0
2021-12-16,9.8,78,1.30,10.3,333,10
2021-12-17,9.7,79,0.00,11.9,307,1
2021-12-18,9.4,73,0.00,13.6,297,0
2021-12-19,9.3,73,0.00,9.3,301,28
2021-12-20,10.6,75,1.00,9.7,252,44
2021-12-21,11.3,78,0.00,9.1,95,16
2021-12-22,11.9,79,0.00,7.8,98,47
2021-12-23,12.4,79,0.00,8.7,60,27
2021-12-24,12.1,80,0.00,8.0,54,1
2021-12-25,12.2,84,0.00,6.6,78,52
2021-12-26,11.9,89,0.10,14.3,68,69
2021-12-27,11.7,88,0.00,9.1,54,6
2021-12-28,11.6,74,0.00,11.0,335,0
2021-12-29,10.2,75,0.00,10.8,300,7
2021-12-30,11.9,70,0.00,7.2,187,83
2021-12-31,11.4,77,0.00,11.2,313,39
2022-01-01,11.1,78,0.00,10.1,298,68
2022-01-02,11.2,73,0.00,10.8,331,82
2022-01-03,12.8,71,0.00,11.2,320,98
2022-01-04,13.0,74,0.30,13.5,39,94
2022-01-05,12.5,95,21.20,15.3,102,97
2022-01-06,12.9,91,0.90,15.3,115,67
2022-01-07,13.0,92,25.70,21.8,123,99
2022-01-08,12.9,85,16.30,27.2,180,56
2022-01-09,11.1,86,0.10,9.4,307,37
2022-01-10,10.6,86,0.00,9.7,306,15
2022-01-11,10.5,88,0.00,10.0,305,25
2022-01-12,10.8,79,0.00,9.4,317,40
2022-01-13,10.6,86,0.00,8.4,27,5
2022-01-14,9.6,91,0.00,8.3,91,61
2022-01-15,9.5,87,0.00,8.0,131,100
2022-01-16,9.5,91,0.00,7.4,122,100
2022-01-17,10.0,91,0.10,7.0,90,76
2022-01-18,9.9,90,0.00,10.0,299,66
2022-01-19,11.8,93,4.30,7.6,191,100
2022-01-20,12.4,92,0.40,6.3,253,78
2022-01-21,11.1,89,0.50,11.0,128,67
2022-01-22,11.3,90,18.10,24.1,87,100
2022-01-23,11.9,88,1.30,18.3,136,69
2022-01-24,11.0,88,1.60,8.8,111,54
2022-01-25,10.4,87,0.80,8.9,295,61
2022-01-26,10.4,83,0.00,11.6,294,5
2022-01-27,10.4,76,0.00,12.6,294,0
2022-01-28,10.7,73,0.00,12.3,278,1
2022-01-29,11.9,78,0.00,9.2,235,1
2022-01-30,12.8,78,0.00,11.9,297,26
2022-01-31,12.6,81,0.00,9.3,162,3
2022-02-01,12.6,84,0.00,13.2,323,8
2022-02-02,12.1,80,4.80,17.5,71,58
2022-02-03,11.3,83,3.80,23.9,71,77
2022-02-04,9.5,87,0.00,9.0,59,26
2022-02-05,10.1,87,0.20,7.2,102,45
2022-02-06,11.3,86,0.40,8.7,103,46
2022-02-07,13.2,82,0.10,13.0,40,21
2022-02-08,13.3,76,0.00,9.1,329,7
2022-02-09,13.6,70,0.10,20.9,339,28
2022-02-10,12.8,69,0.00,11.3,316,1
2022-02-11,12.8,69,0.00,17.9,302,5
2022-02-12,13.4,69,0.00,10.9,281,0
2022-02-13,13.8,78,0.00,8.8,118,36
2022-02-14,15.0,75,0.00,9.4,108,30
2022-02-15,14.8,76,0.30,9.0,77,3
2022-02-16,15.2,74,1.30,12.2,40,15
2022-02-17,14.9,71,0.00,9.4,46,9
2022-02-18,14.5,71,0.10,15.8,349,16
2022-02-19,15.0,69,0.00,15.3,297,1
2022-02-20,15.5,56,0.00,22.9,295,0
2022-02-21,16.1,53,0.00,12.9,317,33
2022-02-22,17.4,69,20.80,25.5,101,73
2022-02-23,15.5,78,0.00,21.6,178,34
2022-02-24,14.6,83,1.70,16.4,26,10
2022-02-25,13.8,86,4.50,25.5,46,58
2022-02-26,13.7,83,29.60,26.7,82,46
2022-02-27,13.6,78,0.00,10.7,345,9
2022-02-28,14.5,69,0.00,9.9,292,59
2022-03-01,17.0,71,0.00,14.0,351,46
2022-03-02,17.3,71,0.00,18.7,340,70
2022-03-03,14.9,87,10.20,21.7,354,61
2022-03-04,16.0,79,0.00,13.2,328,25
2022-03-05,17.3,70,0.00,10.7,294,60
2022-03-06,18.7,72,0.00,19.2,65,95
2022-03-07,18.7,70,0.00,19.2,9,44
2022-03-08,19.5,65,0.00,13.9,336,22
2022-03-09,19.0,72,0.00,10.1,337,71
2022-03-10,19.8,66,0.00,13.2,315,40
2022-03-11,19.7,68,0.00,12.9,307,8
2022-03-12,21.7,63,0.00,10.8,311,24
2022-03-13,23.0,67,0.00,9.8,311,2
2022-03-14,23.3,73,0.00,9.5,94,1
2022-03-15,24.6,73,0.00,11.3,302,1
2022-03-16,26.1,56,0.00,19.2,301,0
2022-03-17,25.8,58,0.00,11.5,9,2
2022-03-18,26.1,73,0.00,17.8,113,1
2022-03-19,26.4,74,0.00,19.6,85,0
2022-03-20,24.6,73,1.30,37.6,37,10
2022-03-21,24.2,66,0.00,10.5,333,1
2022-03-22,24.6,54,0.00,17.9,305,1
2022-03-23,24.2,58,0.00,13.6,110,19
2022-03-24,24.7,49,0.00,16.8,26,9
2022-03-25,23.8,47,0.00,13.3,325,2
2022-03-26,24.2,46,0.00,17.7,307,0
2022-03-27,24.5,52,0.00,11.5,115,0
2022-03-28,26.2,53,0.00,16.1,129,0
2022-03-29,25.5,60,0.00,10.1,91,0
2022-03-30,26.1,53,0.00,12.5,107,0
2022-03-31,26.0,49,0.00,12.7,345,0
2022-04-01,26.2,28,0.00,12.6,305,0
2022-04-02,25.9,40,0.00,16.5,121,0
2022-04-03,26.3,41,0.00,13.7,91,0
2022-04-04,26.8,41,0.00,12.2,331,28
2022-04-05,27.4,32,0.00,11.7,318,25
2022-04-06,28.1,31,0.00,13.7,322,0
2022-04-07,29.6,27,0.00,12.4,296,0
2022-04-08,29.2,29,0.00,11.3,48,0
2022-04-09,28.8,41,0.00,13.3,77,8
2022-04-10,29.6,36,0.00,13.0,339,0
2022-04-11,31.1,29,0.00,13.8,115,76
2022-04-12,30.9,28,0.00,13.7,137,63
2022-04-13,29.9,26,0.00,20.0,82,8
2022-04-14,28.0,34,0.00,21.1,56,34
2022-04-15,28.0,33,0.00,21.9,359,26
2022-04-16,29.0,30,0.00,15.1,38,3
2022-04-17,29.2,32,0.00,12.6,74,39
2022-04-18,30.5,33,0.00,17.5,85,24
2022-04-19,31.4,27,0.00,16.6,351,38
2022-04-20,30.6,28,0.20,16.3,309,22
2022-04-21,29.6,29,0.20,29.5,75,36
2022-04-22,28.1,35,0.00,14.9,3,8
2022-04-23,29.1,29,0.00,15.3,354,8
2022-04-24,29.0,31,0.00,16.9,320,33
2022-04-25,30.0,28,0.30,27.4,338,24
2022-04-26,30.4,27,0.00,14.7,359,1
2022-04-27,31.5,26,0.00,13.4,306,5
2022-04-28,32.6,25,0.00,12.6,176,12
2022-04-29,33.8,22,0.00,18.2,26,10
2022-04-30,33.4,25,0.00,15.1,323,5
2022-05-01,33.0,26,0.00,20.9,88,16
2022-05-02,33.3,31,0.00,29.8,112,20
2022-05-03,33.1,32,0.00,15.5,125,14
2022-05-04,29.1,42,0.00,21.6,124,32
2022-05-05,30.1,39,0.00,16.9,314,3
2022-05-06,30.9,31,0.00,14.5,339,9
2022-05-07,31.3,33,0.00,14.4,336,2
2022-05-08,32.8,30,0.00,15.3,117,2
2022-05-09,33.0,32,0.20,20.6,113,9
2022-05-10,33.0,38,0.10,22.6,101,12
2022-05-11,34.0,35,0.00,16.4,249,3
2022-05-12,34.8,33,0.00,14.9,125,7
2022-05-13,35.1,28,0.00,17.9,13,4
2022-05-14,34.7,20,0.00,18.3,294,0
2022-05-15,35.8,16,0.00,21.2,184,24
2022-05-16,35.0,18,0.00,30.7,75,41
2022-05-17,34.2,25,0.00,16.6,137,23
2022-05-18,34.0,24,0.00,14.0,308,9
2022-05-19,35.0,24,0.00,10.9,138,13
2022-05-20,35.2,22,0.00,23.5,229,16
2022-05-21,34.0,23,0.00,12.6,341,20
2022-05-22,33.7,22,0.00,19.4,269,11
2022-05-23,28.6,41,3.60,35.5,107,57
2022-05-24,25.7,58,2.60,31.0,79,18
2022-05-25,28.8,45,0.00,8.9,1,3
2022-05-26,31.9,37,0.00,10.1,168,2
2022-05-27,34.2,34,0.00,18.0,170,5
2022-05-28,34.1,39,0.10,15.7,86,14
2022-05-29,34.4,37,0.00,31.5,96,22
2022-05-30,32.5,38,0.50,22.1,53,19
2022-05-31,33.0,32,0.00,13.1,31,13
2022-06-01,33.3,27,0.00,10.8,193,10
2022-06-02,33.6,23,0.00,15.8,317,4
2022-06-03,35.0,19,0.00,15.6,298,7
2022-06-04,35.2,16,0.00,15.6,243,0
2022-06-05,36.3,14,0.00,9.8,270,5
2022-06-06,36.9,14,0.00,13.8,277,12
2022-06-07,37.4,14,0.00,11.1,264,16
2022-06-08,37.2,15,0.00,17.5,261,13
2022-06-09,37.6,14,0.00,15.9,241,6
2022-06-10,36.6,18,0.00,28.9,230,22
2022-06-11,36.4,23,0.00,30.6,260,20
2022-06-12,36.7,23,0.00,17.7,273,11
2022-06-13,37.0,23,0.00,23.2,275,15
2022-06-14,38.1,22,0.00,16.2,274,15
2022-06-15,38.4,24,0.00,17.9,250,6
2022-06-16,35.3,32,0.40,18.6,143,25
2022-06-17,30.3,60,0.70,18.7,126,50
2022-06-18,26.5,77,9.10,23.5,112,63
2022-06-19,26.8,74,0.60,11.1,237,35
2022-06-20,28.4,62,0.60,14.3,110,34
2022-06-21,24.4,82,7.40,18.5,113,87
2022-06-22,26.7,73,3.40,14.4,71,33
2022-06-23,28.4,57,0.00,14.7,303,0
2022-06-24,29.9,53,0.00,10.8,275,0
2022-06-25,31.0,48,0.00,9.1,207,0
2022-06-26,32.6,48,0.00,10.0,140,2
2022-06-27,33.7,55,0.00,10.0,130,5
2022-06-28,35.0,52,0.00,13.4,174,3
2022-06-29,35.3,53,0.00,24.0,133,2
2022-06-30,31.0,71,5.50,26.3,109,74
2022-07-01,27.8,79,17.20,19.7,119,70
2022-07-02,30.7,70,0.50,10.7,106,15
2022-07-03,30.6,74,1.10,20.4,118,66
2022-07-04,32.4,67,0.70,8.8,118,29
2022-07-05,32.7,68,6.40,14.3,83,87
2022-07-06,31.1,76,5.30,27.2,105,94
2022-07-07,32.0,72,0.20,9.5,73,56
2022-07-08,31.3,73,13.80,18.5,99,87
2022-07-09,30.9,76,6.70,16.3,120,81
2022-07-10,29.2,77,2.90,12.9,110,85
2022-07-11,30.8,73,0.10,7.2,95,50
2022-07-12,32.0,69,0.20,11.7,130,14
2022-07-13,30.4,76,6.10,20.3,113,47
2022-07-14,28.4,84,11.90,12.0,85,78
2022-07-15,27.3,83,11.80,19.2,39,96
2022-07-16,30.7,67,0.00,11.5,13,80
2022-07-17,28.4,82,9.20,20.8,73,72
2022-07-18,30.8,71,0.00,5.8,29,12
2022-07-19,32.3,68,0.00,7.1,221,8
2022-07-20,30.3,77,14.90,12.9,166,69
2022-07-21,26.8,89,39.80,19.3,122,100
2022-07-22,28.4,83,23.40,15.7,126,99
2022-07-23,28.7,82,1.80,16.3,98,98
2022-07-24,29.5,78,1.60,16.1,79,93
2022-07-25,28.8,82,12.50,15.3,92,88
2022-07-26,29.7,75,0.50,13.0,101,55
2022-07-27,28.5,82,9.50,14.6,94,95
2022-07-28,27.5,87,18.60,17.6,114,95
2022-07-29,27.2,88,16.40,12.4,136,100
2022-07-30,27.7,86,1.50,12.0,139,87
2022-07-31,27.4,86,16.90,10.2,153,95
2022-08-01,27.3,84,6.80,11.2,223,63
2022-08-02,29.5,80,0.20,7.0,244,13
2022-08-03,29.8,80,0.70,10.0,189,25
2022-08-04,29.4,82,5.50,20.0,126,52
2022-08-05,28.0,85,3.70,13.4,95,90
2022-08-06,28.7,83,1.80,8.6,115,71
2022-08-07,28.8,85,4.80,17.8,112,87
2022-08-08,29.6,79,0.00,9.5,97,39
2022-08-09,30.9,74,0.00,9.5,81,71
2022-08-10,31.5,73,0.00,8.4,324,9
2022-08-11,28.0,81,21.90,21.3,92,70
2022-08-12,29.4,67,0.00,12.9,12,46
2022-08-13,30.3,72,0.00,9.2,112,0
2022-08-14,30.3,77,1.90,16.1,128,36
2022-08-15,27.1,88,19.90,20.0,97,92
2022-08-16,28.7,78,0.00,9.3,12,91
2022-08-17,29.4,74,1.60,21.6,104,47
2022-08-18,29.6,76,0.30,11.4,127,10
2022-08-19,30.0,72,0.80,15.5,247,23
2022-08-20,29.4,71,0.60,12.8,218,38
2022-08-21,29.3,76,0.10,9.2,317,44
2022-08-22,30.6,70,0.00,9.0,9,11
2022-08-23,31.2,69,0.20,10.9,96,15
2022-08-24,29.8,73,15.10,24.8,108,30
2022-08-25,29.3,74,3.40,13.8,122,52
2022-08-26,29.6,71,1.70,10.8,270,18
2022-08-27,29.6,73,0.70,12.9,278,30
2022-08-28,29.6,72,2.80,12.2,240,30
2022-08-29,28.0,82,13.30,17.6,109,51
2022-08-30,29.0,76,3.60,21.9,121,26
2022-08-31,31.1,65,0.00,11.0,266,5
2022-09-01,31.4,59,0.00,10.1,203,6
2022-09-02,31.7,61,0.10,12.7,189,9
2022-09-03,31.4,61,0.00,10.5,158,14
2022-09-04,30.7,62,0.00,15.4,117,18
2022-09-05,28.4,74,6.20,22.0,87,37
2022-09-06,28.6,77,4.40,10.0,279,26
2022-09-07,29.8,67,0.00,6.8,186,5
2022-09-08,30.6,64,0.00,7.2,108,9
2022-09-09,30.5,66,0.70,12.4,102,19
2022-09-10,30.3,71,1.00,17.3,73,20
2022-09-11,29.3,73,0.50,18.9,92,19
2022-09-12,29.5,70,0.00,11.7,30,5
2022-09-13,30.3,65,0.00,10.9,23,32
2022-09-14,30.2,65,0.00,10.0,20,15
2022-09-15,30.1,66,0.00,10.0,155,14
2022-09-16,28.6,73,5.20,17.9,140,17
2022-09-17,29.1,69,0.80,17.9,105,10
2022-09-18,29.9,65,0.00,9.7,54,3
2022-09-19,30.3,60,0.00,9.4,157,2
2022-09-20,29.6,64,0.00,12.5,114,11
2022-09-21,28.5,72,1.90,11.2,82,13
2022-09-22,28.5,73,0.00,11.5,122,10
2022-09-23,27.9,75,0.80,16.1,134,35
2022-09-24,24.3,90,29.90,11.9,114,93
2022-09-25,25.9,78,0.00,13.7,90,38
2022-09-26,26.2,78,0.00,6.6,175,20
2022-09-27,26.8,76,0.00,6.9,195,8
2022-09-28,27.1,73,0.00,8.8,168,4
2022-09-29,27.5,70,0.10,7.8,186,4
2022-09-30,28.1,66,0.00,9.4,161,3
2022-10-01,28.1,63,0.00,10.5,151,7
2022-10-02,28.2,63,0.00,10.2,139,3
2022-10-03,28.6,53,0.00,12.3,240,2
2022-10-04,28.8,51,0.00,10.9,310,0
2022-10-05,27.8,52,0.00,10.0,275,0
2022-10-06,26.5,59,0.00,12.2,139,1
2022-10-07,26.7,66,0.00,10.6,174,3
2022-10-08,26.4,70,0.00,14.0,139,4
2022-10-09,25.9,73,0.00,10.8,150,9
2022-10-10,24.3,79,5.80,16.4,142,31
2022-10-11,23.3,82,7.80,22.4,114,24
2022-10-12,23.3,74,0.00,8.1,19,2
2022-10-13,24.4,62,0.00,9.7,295,1
2022-10-14,24.5,60,0.00,11.9,291,0
2022-10-15,24.4,59,0.00,9.6,262,0
2022-10-16,23.8,61,0.00,11.7,181,0
2022-10-17,24.1,56,0.00,10.8,197,0
2022-10-18,24.1,56,0.00,17.8,124,1
2022-10-19,23.8,56,0.00,13.9,108,0
2022-10-20,22.6,55,0.70,30.2,75,25
2022-10-21,22.2,54,0.00,14.9,24,0
2022-10-22,22.6,51,0.00,8.9,333,0
2022-10-23,22.4,55,0.00,7.9,27,0
2022-10-24,22.2,56,0.00,8.8,319,0
2022-10-25,22.3,58,0.00,10.7,277,0
2022-10-26,22.7,61,0.00,10.9,164,0
2022-10-27,22.5,62,0.00,9.8,139,0
2022-10-28,23.0,61,0.00,9.9,233,0
2022-10-29,22.9,60,0.00,9.4,173,0
2022-10-30,22.2,67,0.00,8.4,119,0
2022-10-31,22.8,66,0.00,12.0,122,3
2022-11-01,22.9,64,0.30,28.8,73,17
2022-11-02,22.4,57,0.00,11.2,336,19
2022-11-03,22.4,62,0.00,9.4,350,32
2022-11-04,22.3,73,0.00,10.1,98,55
2022-11-05,21.3,77,2.30,27.6,72,38
2022-11-06,21.0,70,10.60,29.0,40,83
2022-11-07,19.6,77,0.00,18.6,3,45
2022-11-08,19.5,78,0.00,16.0,243,19
2022-11-09,18.4,83,1.80,21.2,44,32
2022-11-10,19.3,64,0.10,25.1,8,25
2022-11-11,18.8,64,0.00,10.0,324,0
2022-11-12,18.4,68,0.00,10.1,335,2
2022-11-13,18.4,66,0.00,10.5,68,64
2022-11-14,18.1,70,5.70,26.8,72,59
2022-11-15,17.4,73,0.00,11.8,336,6
2022-11-16,16.9,74,0.00,9.1,306,9
2022-11-17,16.7,70,0.00,14.2,309,0
2022-11-18,15.7,69,0.00,10.2,329,54
2022-11-19,16.3,74,0.00,10.0,19,42
2022-11-20,16.6,63,0.00,13.0,320,0
2022-11-21,15.7,70,0.00,10.5,310,0
2022-11-22,15.7,68,0.00,10.9,308,0
2022-11-23,15.5,64,0.00,11.2,305,3
2022-11-24,15.7,71,0.00,9.8,309,30
2022-11-25,15.9,70,0.00,10.3,68,7
2022-11-26,16.5,71,0.00,10.5,327,0
2022-11-27,16.8,67,0.00,6.3,92,6
2022-11-28,15.7,74,0.00,8.6,91,1
2022-11-29,15.6,80,0.00,9.9,12,9
2022-11-30,16.1,77,0.00,10.1,313,13
2022-12-01,16.6,71,0.00,10.0,291,38
2022-12-02,16.1,75,0.00,7.2,88,98
2022-12-03,15.3,77,0.00,10.1,31,5
2022-12-04,15.1,73,0.00,11.6,311,0
2022-12-05,15.3,71,0.00,10.6,313,1
2022-12-06,15.2,69,0.00,11.2,296,0
2022-12-07,14.8,67,0.00,9.8,296,0
2022-12-08,14.9,75,0.00,9.8,327,30
2022-12-09,16.1,67,0.00,10.5,359,3
2022-12-10,17.3,57,0.00,11.7,0,37
2022-12-11,17.2,53,0.00,13.1,331,7
2022-12-12,15.8,52,0.00,9.5,323,26
2022-12-13,16.5,47,0.00,19.4,323,0
2022-12-14,13.8,59,0.00,11.5,289,0
2022-12-15,14.0,58,0.00,9.4,282,0
2022-12-16,14.1,63,0.00,9.2,271,0
2022-12-17,15.1,66,0.00,7.6,289,0
2022-12-18,13.9,78,0.00,9.7,148,0
2022-12-19,13.3,79,0.00,9.3,91,15
2022-12-20,13.2,78,0.00,9.3,284,30
2022-12-21,13.3,76,0.00,10.5,252,0
2022-12-22,11.8,86,0.00,6.8,296,22
2022-12-23,9.1,93,0.00,8.2,92,62
2022-12-24,9.4,90,0.00,12.5,321,59
2022-12-25,10.5,87,0.00,9.4,290,90
2022-12-26,10.8,87,0.00,9.4,304,6
2022-12-27,10.6,85,0.00,10.9,288,33
2022-12-28,11.6,82,0.00,8.7,301,68
2022-12-29,11.0,91,6.60,11.8,88,91
2022-12-30,12.9,84,0.00,11.2,357,14
2022-12-31,11.5,83,0.00,10.0,288,16
2023-01-01,11.4,79,0.00,9.2,323,65
2023-01-02,9.3,89,0.00,7.4,75,33
2023-01-03,8.9,89,0.00,10.0,344,54
2023-01-04,9.8,84,0.00,9.7,290,19
2023-01-05,7.1,92,0.00,6.3,121,54
2023-01-06,6.9,94,0.20,5.2,135,100
2023-01-07,8.5,93,0.40,12.2,291,88
2023-01-08,9.6,93,0.00,10.3,293,94
2023-01-09,10.3,90,0.00,8.7,245,94
2023-01-10,10.5,93,0.00,9.4,275,68
2023-01-11,10.6,96,2.80,12.4,111,88
2023-01-12,11.9,86,0.00,10.4,80,9
2023-01-13,11.1,88,0.00,8.9,278,33
2023-01-14,9.9,78,0.00,10.8,311,34
2023-01-15,7.9,66,0.00,10.2,279,0
2023-01-16,8.1,63,0.00,10.7,300,0
2023-01-17,8.7,60,0.00,9.7,293,6
2023-01-18,9.3,68,0.00,8.6,299,98
2023-01-19,12.8,62,0.00,9.6,326,73
2023-01-20,10.6,85,2.70,10.8,75,74
2023-01-21,11.1,78,0.00,9.5,332,11
2023-01-22,11.8,72,0.00,9.3,338,26
2023-01-23,13.1,64,0.00,16.3,341,50
2023-01-24,12.8,67,0.00,12.3,338,66
2023-01-25,12.7,88,0.50,8.7,50,61
2023-01-26,10.8,78,0.00,12.8,313,43
2023-01-27,10.6,66,0.00,11.0,300,0
2023-01-28,11.5,62,0.00,10.7,313,71
2023-01-29,12.3,75,6.60,20.1,115,82
2023-01-30,13.4,87,2.10,20.7,132,59
2023-01-31,12.4,82,0.00,14.7,322,20
2023-02-01,12.6,70,0.00,12.3,302,20
2023-02-02,13.5,66,0.00,12.9,306,55
2023-02-03,14.0,71,0.00,10.0,328,43
2023-02-04,15.4,67,0.00,11.6,309,1
2023-02-05,15.2,64,0.00,10.1,4,9
2023-02-06,16.6,69,0.30,21.0,53,16
2023-02-07,16.1,54,0.00,17.7,326,0
2023-02-08,15.0,56,0.00,9.2,351,66
2023-02-09,14.5,69,0.00,22.7,93,64
2023-02-10,17.3,62,0.00,17.0,91,9
2023-02-11,14.8,55,0.00,14.8,326,1
2023-02-12,13.2,37,0.00,17.2,329,12
2023-02-13,14.1,32,0.00,14.8,309,3
2023-02-14,15.5,40,0.00,10.4,323,47
2023-02-15,18.4,47,0.00,14.6,322,22
2023-02-16,19.5,56,0.00,9.8,344,92
2023-02-17,19.7,66,0.00,8.7,83,99
2023-02-18,20.3,66,0.00,8.3,2,84
2023-02-19,20.3,67,0.00,12.2,120,98
2023-02-20,21.4,69,0.00,15.5,121,85
2023-02-21,20.3,54,0.00,18.6,14,0
2023-02-22,18.7,50,0.00,9.6,16,40
2023-02-23,19.5,48,0.00,18.4,320,2
2023-02-24,19.5,42,0.00,13.2,323,8
2023-02-25,20.5,52,0.00,9.6,359,29
2023-02-26,19.7,56,0.70,16.8,15,39
2023-02-27,20.3,54,0.00,12.2,353,27
2023-02-28,18.6,64,1.70,18.4,68,100
2023-03-01,19.4,71,0.60,15.5,31,82
2023-03-02,19.4,69,3.90,19.0,5,62
2023-03-03,19.8,61,0.00,12.8,321,42
2023-03-04,20.2,59,0.00,10.0,282,58
2023-03-05,20.7,54,0.00,15.2,308,18
2023-03-06,21.2,47,0.00,13.8,309,16
2023-03-07,21.2,45,0.00,17.4,275,30
2023-03-08,21.0,51,0.00,11.3,266,8
2023-03-09,20.8,54,0.00,12.0,233,0
2023-03-10,22.1,52,0.00,15.0,273,14
2023-03-11,22.3,55,0.00,11.3,160,0
2023-03-12,22.6,58,0.00,14.3,90,49
2023-03-13,22.4,62,3.90,19.2,314,53
2023-03-14,22.8,60,0.00,15.8,284,8
2023-03-15,23.2,57,0.10,11.6,156,63
2023-03-16,22.6,65,0.00,26.8,72,66
2023-03-17,19.4,70,0.30,24.7,53,98
2023-03-18,18.5,77,0.40,13.1,93,48
2023-03-19,18.7,79,2.50,15.4,24,68
2023-03-20,18.8,81,7.70,14.2,103,53
2023-03-21,18.8,77,0.00,12.1,135,43
2023-03-22,19.9,69,0.10,17.3,123,72
2023-03-23,20.0,71,0.10,19.8,45,71
2023-03-24,17.7,85,11.30,21.6,100,89
2023-03-25,17.7,83,15.60,27.2,105,70
2023-03-26,18.2,72,0.00,10.7,305,7
2023-03-27,20.1,64,0.00,8.2,287,22
2023-03-28,21.6,56,0.00,9.8,234,75
2023-03-29,21.9,59,0.30,15.6,77,73
2023-03-30,21.5,69,6.60,19.5,112,98
2023-03-31,18.2,87,20.20,20.6,113,93
2023-04-01,17.8,87,11.00,21.3,104,61
2023-04-02,19.1,80,0.00,8.4,47,41
2023-04-03,19.5,78,8.80,16.1,81,73
2023-04-04,20.0,73,1.60,11.3,345,23
2023-04-05,20.1,65,0.00,14.5,323,34
2023-04-06,21.1,63,0.00,11.0,1,8
2023-04-07,21.9,51,0.00,15.1,314,0
2023-04-08,22.6,51,0.00,10.6,289,0
2023-04-09,23.9,46,0.00,12.7,310,5
2023-04-10,25.0,40,0.00,16.8,310,11
2023-04-11,26.2,41,0.30,20.5,311,62
2023-04-12,27.0,39,0.00,16.6,307,35
2023-04-13,27.4,37,0.00,13.3,312,0
2023-04-14,28.8,35,0.00,11.6,241,5
2023-04-15,29.4,29,0.00,15.3,138,12
2023-04-16,29.2,33,0.00,24.1,134,84
2023-04-17,29.6,34,0.00,13.4,212,36
2023-04-18,28.7,40,2.70,24.3,6,90
2023-04-19,23.8,71,15.10,27.3,325,89
2023-04-20,23.6,57,1.70,15.6,76,37
2023-04-21,23.0,52,2.20,19.9,40,20
2023-04-22,22.9,43,0.00,25.0,4,32
2023-04-23,24.3,41,0.00,10.8,20,6
2023-04-24,26.4,34,0.00,12.1,239,9
2023-04-25,27.5,32,0.00,13.0,108,6
2023-04-26,28.0,36,0.10,19.9,105,88
2023-04-27,27.2,36,1.40,30.4,87,77
2023-04-28,26.8,39,0.00,25.7,85,68
2023-04-29,27.0,42,0.00,26.2,247,99
2023-04-30,25.7,51,1.60,11.6,192,92
2023-05-01,23.0,68,8.90,22.8,108,90
2023-05-02,22.2,71,1.10,17.8,89,79
2023-05-03,22.5,73,1.20,12.3,83,41
2023-05-04,24.2,64,0.00,19.9,54,42
2023-05-05,25.2,56,0.20,11.8,330,29
2023-05-06,26.9,43,0.10,20.3,326,46
2023-05-07,27.0,41,0.00,22.4,75,8
2023-05-08,26.3,38,0.00,26.7,15,7
2023-05-09,26.4,40,0.00,17.7,355,1
2023-05-10,27.8,30,0.00,16.5,320,0
2023-05-11,28.8,32,0.00,10.2,340,59
2023-05-12,29.9,33,0.00,11.8,90,17
2023-05-13,31.2,31,0.00,16.4,57,42
2023-05-14,30.8,28,0.10,29.7,41,21
2023-05-15,31.1,28,0.00,12.8,346,11
2023-05-16,30.9,28,0.00,18.5,350,30
2023-05-17,31.9,30,0.00,15.8,348,42
2023-05-18,28.9,41,0.00,21.7,52,39
2023-05-19,29.8,42,0.00,10.7,282,3
2023-05-20,31.9,32,0.00,17.2,291,3
2023-05-21,33.1,28,0.00,13.0,221,28
2023-05-22,33.2,32,0.00,23.6,224,51
2023-05-23,32.6,38,0.10,17.8,247,77
2023-05-24,28.0,56,6.40,27.2,112,59
2023-05-25,27.4,57,0.70,17.4,100,24
2023-05-26,25.8,65,9.70,17.7,100,53
2023-05-27,27.6,57,0.00,21.0,108,22
2023-05-28,28.6,51,0.00,10.2,151,75
2023-05-29,26.5,64,6.40,25.1,181,99
2023-05-30,27.3,54,0.00,14.8,33,78
2023-05-31,23.8,75,16.30,23.4,55,95
2023-06-01,22.2,84,6.40,21.4,96,83
2023-06-02,24.1,71,0.20,10.7,64,11
2023-06-03,27.1,60,0.00,7.6,309,6
2023-06-04,29.2,52,0.00,9.7,284,37
2023-06-05,29.5,47,0.00,19.0,266,22
2023-06-06,28.1,55,0.40,16.4,205,31
2023-06-07,28.4,58,0.00,27.2,54,19
2023-06-08,30.4,49,0.80,10.4,352,16
2023-06-09,32.2,44,0.00,9.2,172,13
2023-06-10,33.2,44,0.00,22.1,139,32
2023-06-11,31.1,55,0.00,13.2,133,21
2023-06-12,33.1,52,0.00,11.5,211,17
2023-06-13,33.8,50,0.30,19.0,236,19
2023-06-14,31.5,55,20.10,19.2,137,26
2023-06-15,28.2,72,14.80,28.3,76,66
2023-06-16,29.8,65,0.60,11.6,206,14
2023-06-17,31.6,61,0.10,7.1,189,7
2023-06-18,32.3,61,0.30,11.7,133,6
2023-06-19,32.3,63,0.00,10.4,252,2
2023-06-20,33.5,58,0.00,8.7,204,2
2023-06-21,34.3,55,0.00,20.3,103,10
2023-06-22,35.1,57,0.00,12.3,167,8
2023-06-23,35.6,52,0.00,12.6,183,9
2023-06-24,34.8,55,0.00,18.7,112,10
2023-06-25,33.0,65,0.30,26.9,113,28
2023-06-26,28.1,80,18.20,23.8,91,59
2023-06-27,30.1,71,0.50,12.4,93,10
2023-06-28,30.9,68,0.30,15.5,112,13
2023-06-29,30.9,69,13.20,13.5,125,25
2023-06-30,31.0,67,0.30,10.0,149,32
2023-07-01,31.7,64,0.00,16.5,172,10
2023-07-02,32.0,63,0.80,14.9,240,6
2023-07-03,33.9,59,0.00,16.2,115,10
2023-07-04,32.4,66,18.40,18.7,114,23
2023-07-05,28.1,84,38.30,21.5,110,65
2023-07-06,28.2,81,4.40,20.6,85,63
2023-07-07,28.4,81,2.40,13.5,91,40
2023-07-08,26.2,90,13.40,18.9,89,77
2023-07-09,27.0,83,1.10,15.9,72,77
2023-07-10,27.9,80,0.20,16.9,73,59
2023-07-11,29.5,75,0.00,10.5,125,2
2023-07-12,30.5,74,0.20,16.6,121,10
2023-07-13,30.2,74,0.10,14.2,97,11
2023-07-14,30.2,76,0.80,16.3,108,20
2023-07-15,30.5,77,0.00,18.5,90,25
2023-07-16,29.2,84,4.10,15.1,91,66
2023-07-17,30.4,81,1.40,12.2,105,20
2023-07-18,30.2,81,0.30,14.6,100,40
2023-07-19,29.6,81,0.80,18.8,108,70
2023-07-20,30.3,79,5.90,11.6,86,81
2023-07-21,30.3,82,9.80,12.8,82,76
2023-07-22,28.1,90,28.10,23.5,100,96
2023-07-23,29.8,79,6.10,12.0,74,31
2023-07-24,29.9,81,7.20,11.9,95,47
2023-07-25,30.1,82,0.20,9.7,77,91
2023-07-26,28.8,83,19.80,13.4,139,87
2023-07-27,28.2,85,23.90,11.9,97,69
2023-07-28,28.5,84,4.30,10.7,114,37
2023-07-29,27.7,87,21.60,10.5,86,51
2023-07-30,29.4,78,0.20,10.0,41,15
2023-07-31,30.1,75,0.70,22.7,261,7
2023-08-01,31.3,75,0.10,11.1,222,8
2023-08-02,31.4,74,0.10,12.8,178,22
2023-08-03,30.1,80,7.50,13.2,167,18
2023-08-04,31.0,77,0.10,14.2,174,11
2023-08-05,30.0,80,26.70,12.5,95,26
2023-08-06,29.8,80,5.40,12.2,172,21
2023-08-07,30.0,77,17.40,16.6,199,22
2023-08-08,30.7,72,0.00,13.6,227,7
2023-08-09,30.9,76,2.80,14.4,169,34
2023-08-10,29.4,81,6.90,15.8,117,33
2023-08-11,30.6,76,0.20,24.1,139,13
2023-08-12,31.8,66,0.00,11.4,218,24
2023-08-13,31.9,66,0.10,16.0,216,38
2023-08-14,30.0,77,0.50,25.1,108,44
2023-08-15,29.7,74,0.70,20.6,91,42
2023-08-16,30.7,73,0.40,7.7,103,24
2023-08-17,31.5,69,0.00,9.4,203,9
2023-08-18,31.6,71,0.40,12.7,108,9
2023-08-19,30.9,76,1.80,16.4,104,25
2023-08-20,30.8,78,3.70,12.7,111,37
2023-08-21,32.5,71,0.00,6.4,155,4
2023-08-22,33.5,65,0.00,12.2,150,31
2023-08-23,32.7,67,0.00,19.2,132,60
2023-08-24,30.9,68,0.20,15.1,147,33
2023-08-25,29.3,73,9.80,32.5,66,56
2023-08-26,27.0,82,3.10,18.4,164,75
2023-08-27,29.2,75,0.30,9.9,263,22
2023-08-28,28.7,75,0.30,22.9,145,19
2023-08-29,28.9,73,1.60,18.4,4,15
2023-08-30,30.1,66,0.00,8.2,250,0
2023-08-31,31.2,64,0.00,8.0,226,4
2023-09-01,31.9,59,0.00,13.7,226,3
2023-09-02,31.4,59,0.00,16.3,228,0
2023-09-03,30.9,58,0.00,10.7,220,0
2023-09-04,31.0,60,0.00,10.1,192,1
2023-09-05,30.8,64,0.10,9.8,81,13
2023-09-06,31.4,60,0.00,13.0,21,4
2023-09-07,31.9,55,0.00,11.5,323,2
2023-09-08,31.7,55,0.00,10.9,181,3
2023-09-09,31.3,63,0.00,11.5,148,2
2023-09-10,30.2,72,0.00,16.4,124,11
2023-09-11,30.0,73,0.00,17.2,87,8
2023-09-12,31.2,69,0.00,9.5,149,5
2023-09-13,31.2,73,0.00,19.6,117,9
2023-09-14,31.3,72,1.60,22.2,97,16
2023-09-15,29.2,81,37.00,23.8,99,63
2023-09-16,29.2,80,0.40,9.0,70,14
2023-09-17,28.2,81,1.80,12.6,122,19
2023-09-18,26.5,84,30.70,25.8,83,35
2023-09-19,27.0,83,30.50,11.2,81,35
2023-09-20,28.5,80,0.00,7.7,342,13
2023-09-21,29.1,78,0.00,7.8,253,4
2023-09-22,28.7,79,0.60,11.5,153,27
2023-09-23,27.0,85,33.00,15.5,100,47
2023-09-24,27.1,83,6.40,9.0,118,31
2023-09-25,25.8,86,4.90,17.9,73,29
2023-09-26,26.7,77,0.00,7.1,320,1
2023-09-27,26.7,74,0.00,11.8,291,0
2023-09-28,27.4,66,0.00,9.2,253,0
2023-09-29,27.0,65,0.00,23.0,93,4
2023-09-30,25.7,65,0.00,11.3,329,2
2023-10-01,24.8,65,0.00,11.7,283,0
2023-10-02,24.7,59,0.00,12.2,258,0
2023-10-03,25.2,64,0.00,13.0,283,0
2023-10-04,25.3,64,0.00,10.7,283,0
2023-10-05,25.3,62,0.00,12.2,259,0
2023-10-06,25.8,63,0.00,11.0,151,0
2023-10-07,27.2,66,0.00,10.0,113,0
2023-10-08,27.8,73,0.00,8.4,93,2
2023-10-09,27.1,70,0.00,24.7,51,14
2023-10-10,24.7,66,0.00,21.3,31,1
2023-10-11,24.2,65,0.00,9.5,293,0
2023-10-12,25.0,65,0.00,10.7,213,0
2023-10-13,25.0,67,0.00,11.2,104,0
2023-10-14,24.0,73,13.20,37.2,85,28
2023-10-15,23.0,69,10.60,34.7,26,49
2023-10-16,20.2,83,4.90,18.6,93,78
2023-10-17,18.8,82,8.20,33.4,53,56
2023-10-18,19.2,75,0.00,11.0,315,0
2023-10-19,20.6,70,0.00,9.3,297,0
2023-10-20,21.1,71,0.00,9.5,279,0
2023-10-21,21.5,70,0.00,9.8,256,54
2023-10-22,21.1,78,0.00,16.7,347,60
2023-10-23,21.6,75,0.00,11.2,327,8
2023-10-24,21.9,69,0.00,7.8,345,3
2023-10-25,22.1,69,0.00,9.2,324,0
2023-10-26,21.9,73,0.00,8.9,322,0
2023-10-27,22.2,73,0.00,8.2,106,17
2023-10-28,22.8,74,0.00,8.2,89,87
2023-10-29,23.4,73,0.00,7.9,80,1
2023-10-30,22.7,74,0.00,8.8,58,19
2023-10-31,22.8,74,0.00,8.4,43,3
2023-11-01,22.5,78,0.10,17.3,1,37
2023-11-02,21.5,81,0.70,17.7,315,31
2023-11-03,21.9,71,0.00,17.7,292,16
2023-11-04,21.5,68,0.00,9.0,333,17
2023-11-05,21.5,71,0.00,8.0,330,4
2023-11-06,21.1,74,0.00,11.5,81,54
2023-11-07,21.1,76,0.00,16.3,3,72
2023-11-08,20.1,80,1.60,11.6,358,20
2023-11-09,19.9,79,2.30,17.6,55,14
2023-11-10,17.5,87,9.60,18.1,66,57
2023-11-11,17.2,83,0.00,10.2,305,6
2023-11-12,17.6,79,0.00,10.3,300,7
2023-11-13,17.7,80,0.00,9.0,327,2
2023-11-14,17.9,81,0.00,10.2,318,0
2023-11-15,18.0,79,0.00,10.4,309,2
2023-11-16,18.3,77,0.00,7.9,327,52
2023-11-17,18.1,79,0.00,9.9,337,39
2023-11-18,17.6,78,0.00,9.8,337,31
2023-11-19,17.5,75,0.00,10.5,0,3
2023-11-20,17.8,69,0.00,11.2,330,1
2023-11-21,17.1,70,0.00,14.1,300,0
2023-11-22,16.7,77,0.00,9.0,257,0
2023-11-23,16.5,74,0.00,9.7,116,0
2023-11-24,16.5,81,0.00,10.9,346,24
2023-11-25,15.7,80,0.00,9.6,333,80
2023-11-26,16.7,84,0.00,9.6,78,100
2023-11-27,16.8,84,1.60,11.4,42,100
2023-11-28,16.9,82,0.00,9.2,56,17
2023-11-29,17.8,83,0.00,8.2,340,22
2023-11-30,16.2,87,11.90,17.9,85,38
2023-12-01,15.6,82,0.00,10.8,337,8
2023-12-02,15.5,81,0.00,9.5,327,0
2023-12-03,15.8,81,0.00,10.0,301,1
2023-12-04,15.4,84,0.00,9.6,34,16
2023-12-05,14.6,88,0.00,10.2,355,21
2023-12-06,14.8,80,0.00,12.0,330,0
2023-12-07,14.8,79,0.00,10.8,317,0
2023-12-08,14.5,79,0.00,10.4,279,0
2023-12-09,14.1,80,0.00,9.8,334,1
2023-12-10,13.8,75,0.00,11.0,291,11
2023-12-11,13.5,77,0.00,7.5,175,34
2023-12-12,13.4,80,0.00,8.9,84,0
2023-12-13,12.9,81,0.00,10.3,22,14
2023-12-14,13.4,78,0.00,10.0,321,81
2023-12-15,14.1,75,0.00,8.8,348,58
2023-12-16,13.0,81,0.10,9.2,27,12
2023-12-17,11.9,86,0.00,9.5,313,35
2023-12-18,12.6,76,0.00,11.4,301,0
2023-12-19,11.7,77,0.00,10.1,292,0
2023-12-20,12.2,81,0.00,10.0,284,4
2023-12-21,11.8,85,0.00,7.2,260,43
2023-12-22,11.8,91,0.00,9.7,114,99
2023-12-23,14.2,87,0.00,14.9,43,37
2023-12-24,13.5,88,0.00,11.0,315,52
2023-12-25,13.0,86,0.00,9.7,268,5
2023-12-26,13.2,86,0.00,8.4,99,46
2023-12-27,12.8,90,0.00,10.0,307,21
2023-12-28,12.1,93,0.00,10.4,134,46
2023-12-29,11.8,94,0.00,8.9,66,76
2023-12-30,10.7,92,0.00,7.2,325,83
2023-12-31,9.2,93,0.00,8.4,93,62
2024-01-01,9.5,93,0.00,6.0,283,65
2024-01-02,8.2,93,0.00,7.9,254,62
2024-01-03,7.4,92,0.00,7.9,334,64
2024-01-04,8.4,91,0.00,8.2,297,55
2024-01-05,7.7,91,0.00,6.9,314,70
2024-01-06,7.6,93,0.00,8.3,324,63
2024-01-07,7.3,94,0.00,6.6,341,75
2024-01-08,6.9,93,0.00,7.7,80,60
2024-01-09,7.4,91,0.20,6.8,18,61
2024-01-10,7.2,93,0.00,10.9,277,64
2024-01-11,7.6,92,0.00,9.0,298,58
2024-01-12,7.4,94,0.00,10.7,280,91
2024-01-13,8.5,93,0.00,7.7,53,64
2024-01-14,7.7,92,0.00,8.2,281,67
2024-01-15,6.9,93,0.00,9.8,170,86
2024-01-16,6.6,92,0.00,8.0,45,72
2024-01-17,8.4,92,0.00,6.1,55,68
2024-01-18,8.5,94,0.00,6.5,201,74
2024-01-19,8.3,93,0.00,9.2,132,61
2024-01-20,8.3,91,0.00,9.5,102,64
2024-01-21,7.4,93,0.00,10.0,271,56
2024-01-22,7.3,92,0.00,9.7,101,69
2024-01-23,7.8,90,0.00,7.7,360,39
2024-01-24,7.6,93,0.00,7.6,336,66
2024-01-25,8.2,93,0.00,8.0,4,100
2024-01-26,11.1,85,0.00,10.4,325,46
2024-01-27,11.7,82,0.00,11.6,292,35
2024-01-28,12.4,84,0.00,10.3,177,54
2024-01-29,12.5,86,0.00,10.2,54,2
2024-01-30,13.3,83,2.10,14.7,34,16
2024-01-31,13.7,88,22.60,17.9,119,55
2024-02-01,12.9,87,10.60,24.0,68,37
2024-02-02,11.2,82,0.00,11.8,2,59
2024-02-03,12.4,69,1.40,13.9,26,92
2024-02-04,12.0,84,5.10,14.1,53,59
2024-02-05,10.4,84,0.00,9.7,340,31
2024-02-06,10.9,72,0.00,11.5,315,2
2024-02-07,11.0,68,0.00,17.3,296,27
2024-02-08,12.6,58,0.00,17.7,292,0
2024-02-09,12.8,68,0.00,11.6,285,0
2024-02-10,13.2,75,0.00,8.9,357,0
2024-02-11,14.7,66,0.00,7.5,341,0
2024-02-12,14.5,72,0.00,7.5,96,84
2024-02-13,14.9,72,0.00,9.2,159,26
2024-02-14,14.3,70,0.00,11.4,287,0
2024-02-15,14.9,63,0.00,10.9,276,0
2024-02-16,14.9,66,0.00,11.1,275,0
2024-02-17,16.2,66,0.00,9.6,246,42
2024-02-18,15.9,77,0.00,21.9,102,86
2024-02-19,17.5,73,9.00,29.9,123,49
2024-02-20,15.8,83,1.20,19.1,93,18
2024-02-21,13.9,76,0.00,22.9,14,44
2024-02-22,13.4,62,0.10,11.5,354,5
2024-02-23,13.3,56,0.00,10.5,327,19
2024-02-24,13.5,56,0.00,11.9,359,18
2024-02-25,13.2,59,0.00,10.8,24,30
2024-02-26,14.0,57,0.00,11.9,1,79
2024-02-27,15.6,60,0.00,15.3,315,67
2024-02-28,15.1,64,0.00,12.8,297,0
2024-02-29,16.9,64,0.00,12.0,311,61
2024-03-01,16.8,76,7.10,19.1,70,100
2024-03-02,17.2,79,13.80,35.0,143,45
2024-03-03,12.2,47,0.00,19.1,184,0
2024-03-04,11.6,57,0.00,12.8,323,26
2024-03-05,12.7,55,0.00,10.5,310,61
2024-03-06,13.3,59,0.00,10.0,282,17
2024-03-07,15.9,59,1.60,17.9,352,28
2024-03-08,15.8,60,0.00,14.3,310,3
2024-03-09,16.7,53,0.00,15.8,301,8
2024-03-10,17.9,54,0.00,11.2,324,71
2024-03-11,17.1,66,2.10,15.5,130,55
2024-03-12,18.3,63,0.00,13.2,350,13
2024-03-13,16.5,71,0.60,17.4,25,72
2024-03-14,18.2,63,0.00,22.1,18,5
2024-03-15,18.3,49,0.00,16.5,315,3
2024-03-16,19.1,50,0.00,12.6,329,32
2024-03-17,20.1,48,0.00,14.6,331,88
2024-03-18,20.6,45,0.00,15.2,330,14
2024-03-19,21.4,47,0.00,10.6,54,8
2024-03-20,22.6,47,0.00,11.7,249,38
2024-03-21,23.5,50,0.00,17.9,136,65
2024-03-22,23.0,62,0.70,20.4,64,26
2024-03-23,23.7,51,0.00,14.2,340,60
2024-03-24,22.9,61,1.30,28.6,312,58
2024-03-25,24.0,52,0.00,16.5,305,3
2024-03-26,23.6,58,0.00,9.6,291,98
2024-03-27,23.7,67,1.20,22.8,350,99
2024-03-28,24.0,59,0.10,25.8,341,90
2024-03-29,24.4,59,0.10,17.9,1,62
2024-03-30,23.2,62,4.40,25.7,87,65
2024-03-31,21.4,60,0.00,22.3,1,20
2024-04-01,20.4,58,0.00,13.4,282,65
2024-04-02,21.6,57,0.00,9.8,274,14
2024-04-03,23.3,48,0.10,21.1,84,38
2024-04-04,23.6,44,0.00,15.7,357,42
2024-04-05,24.0,41,0.00,17.3,332,7
2024-04-06,23.2,40,0.00,16.8,321,0
2024-04-07,23.7,39,0.00,16.5,326,5
2024-04-08,24.4,39,0.00,15.5,321,3
2024-04-09,24.8,36,0.00,11.5,6,56
2024-04-10,25.2,38,0.10,21.3,64,39
2024-04-11,26.0,39,0.00,20.6,58,42
2024-04-12,26.2,41,0.00,13.4,57,50
2024-04-13,24.4,49,1.00,22.6,20,80
2024-04-14,23.1,66,4.00,15.0,47,86
2024-04-15,22.9,74,10.10,19.5,81,59
2024-04-16,23.1,68,0.00,14.4,323,26
2024-04-17,24.3,54,0.00,16.9,282,82
2024-04-18,25.3,52,0.00,24.6,30,47
2024-04-19,23.9,60,3.20,29.1,98,53
2024-04-20,23.5,61,0.10,14.0,317,6
2024-04-21,24.4,55,0.00,20.3,330,8
2024-04-22,25.1,50,0.00,15.5,346,22
2024-04-23,24.8,50,0.00,14.8,34,26
2024-04-24,25.3,48,0.00,19.8,11,10
2024-04-25,27.1,41,0.00,15.0,8,27
2024-04-26,27.1,44,1.40,26.0,1,61
2024-04-27,25.6,46,0.00,19.7,357,37
2024-04-28,25.8,47,0.00,15.6,79,53
2024-04-29,23.3,54,5.10,23.2,49,42
2024-04-30,22.5,53,0.20,35.0,336,9
2024-05-01,22.2,45,0.00,18.9,320,1
2024-05-02,25.3,36,0.00,14.8,311,1
2024-05-03,27.3,37,0.00,11.8,3,87
2024-05-04,28.8,37,0.00,19.2,353,35
2024-05-05,29.8,36,0.00,19.4,318,6
2024-05-06,30.4,33,0.00,14.3,324,2
2024-05-07,31.6,28,0.00,16.6,337,0
2024-05-08,31.5,25,0.00,13.4,314,0
2024-05-09,31.9,32,0.00,22.3,110,9
2024-05-10,31.2,39,0.00,24.2,102,52
2024-05-11,29.8,48,0.00,14.7,314,45
2024-05-12,28.5,50,1.10,21.7,40,27
2024-05-13,29.5,37,0.00,14.0,342,9
2024-05-14,30.5,30,0.00,15.6,330,1
2024-05-15,31.1,35,0.00,14.1,344,18
2024-05-16,33.0,29,0.00,17.4,25,16
2024-05-17,32.6,31,0.00,21.4,308,26
2024-05-18,33.6,28,0.00,20.5,323,14
2024-05-19,33.4,30,0.00,21.3,279,36
2024-05-20,33.2,30,0.00,13.8,323,3
2024-05-21,33.9,26,0.00,14.7,324,1
2024-05-22,34.1,30,0.00,11.2,338,1
2024-05-23,34.2,33,0.00,21.9,105,4
2024-05-24,34.1,36,0.10,22.1,83,15
2024-05-25,34.5,29,0.00,20.7,306,0
2024-05-26,35.0,28,0.00,14.8,324,1
2024-05-27,34.8,26,0.00,14.0,304,0
2024-05-28,35.1,22,0.00,13.4,325,0
2024-05-29,35.8,19,0.00,23.7,2,15
2024-05-30,35.1,19,0.00,21.1,312,1
2024-05-31,35.6,18,0.00,15.4,126,12
2024-06-01,35.8,17,0.00,16.6,286,13
2024-06-02,35.6,22,0.00,16.5,248,4
2024-06-03,36.3,21,0.00,22.6,299,18
2024-06-04,34.7,26,1.70,21.4,193,16
2024-06-05,32.3,33,0.40,27.3,83,46
2024-06-06,31.2,42,0.20,28.7,30,23
2024-06-07,31.4,40,0.10,23.1,315,30
2024-06-08,31.6,37,0.00,14.4,290,67
2024-06-09,32.8,31,0.00,17.7,289,5
2024-06-10,33.7,26,0.00,16.0,297,1
2024-06-11,34.2,25,0.00,15.3,292,3
2024-06-12,35.4,23,0.00,14.6,270,4
2024-06-13,34.9,29,0.30,36.7,262,12
2024-06-14,35.6,29,0.00,18.2,275,13
2024-06-15,35.5,30,0.00,19.7,279,8
2024-06-16,36.7,32,0.00,16.8,271,2
2024-06-17,37.4,31,0.00,18.0,258,4
2024-06-18,36.7,33,0.00,23.8,253,18
2024-06-19,36.0,36,0.30,14.5,266,26
2024-06-20,32.3,50,2.30,29.9,130,62
2024-06-21,31.2,57,0.70,18.7,126,58
2024-06-22,32.1,50,0.00,9.5,251,39
2024-06-23,33.7,41,0.00,9.8,245,4
2024-06-24,34.8,34,0.00,9.2,273,2
2024-06-25,34.5,43,0.00,14.5,200,3
2024-06-26,35.8,43,0.00,18.9,162,17
2024-06-27,32.9,61,1.60,23.9,127,21
2024-06-28,33.7,55,0.00,16.8,135,8
2024-06-29,34.2,54,0.00,11.9,122,10
2024-06-30,33.3,60,7.30,13.0,116,9
2024-07-01,33.5,63,0.90,17.4,107,37
2024-07-02,33.5,67,1.20,21.2,135,34
2024-07-03,32.0,74,3.20,27.4,130,35
2024-07-04,30.0,76,7.30,24.5,119,66
2024-07-05,30.8,73,1.00,15.5,121,45
2024-07-06,28.7,80,14.90,18.4,109,81
2024-07-07,28.6,79,16.90,16.2,125,74
2024-07-08,30.5,73,0.10,12.2,127,20
2024-07-09,31.0,71,0.20,13.2,131,13
2024-07-10,31.5,72,1.70,16.6,89,14
2024-07-11,32.5,70,0.70,12.3,275,11
2024-07-12,29.8,74,7.60,19.7,156,52
2024-07-13,29.3,73,0.10,9.2,142,22
2024-07-14,30.0,74,0.20,11.5,151,25
2024-07-15,31.5,68,0.00,8.8,104,1
2024-07-16,32.1,69,0.00,10.6,144,3
2024-07-17,32.6,70,0.70,12.6,139,11
2024-07-18,31.2,74,2.20,22.6,95,9
2024-07-19,32.6,68,0.00,9.5,103,10
2024-07-20,33.1,67,0.10,14.8,123,19
2024-07-21,32.8,68,0.00,16.6,101,22
2024-07-22,32.6,70,0.70,16.9,95,19
2024-07-23,31.6,70,0.00,20.4,98,14
2024-07-24,32.1,70,0.10,13.4,107,17
2024-07-25,31.5,72,10.50,12.6,125,51
2024-07-26,31.6,73,0.20,15.4,107,35
2024-07-27,32.3,74,1.10,16.0,107,62
2024-07-28,31.9,75,3.10,13.8,93,78
2024-07-29,29.9,83,17.50,18.4,99,75
2024-07-30,31.6,78,6.30,13.5,82,71
2024-07-31,32.3,77,26.40,14.0,210,93
2024-08-01,26.8,94,93.90,21.6,111,100
2024-08-02,29.9,81,1.20,10.5,116,33
2024-08-03,29.6,81,8.50,18.2,96,42
2024-08-04,28.9,85,30.10,13.7,109,77
2024-08-05,29.9,81,9.80,9.2,106,44
2024-08-06,30.7,75,0.40,7.9,109,35
2024-08-07,29.5,81,1.50,14.7,101,46
2024-08-08,28.8,83,1.30,14.0,104,42
2024-08-09,29.1,82,1.70,15.4,111,56
2024-08-10,28.7,85,7.00,13.8,108,89
2024-08-11,27.4,88,10.50,16.9,92,82
2024-08-12,28.1,83,0.30,9.7,109,48
2024-08-13,29.6,81,0.40,10.2,127,41
2024-08-14,30.6,77,0.60,8.7,140,30
2024-08-15,28.6,88,26.40,15.9,100,80
2024-08-16,29.1,84,16.90,15.2,90,81
2024-08-17,27.7,88,17.60,16.5,119,100
2024-08-18,28.9,85,0.00,13.7,249,87
2024-08-19,28.6,86,17.40,10.4,176,59
2024-08-20,28.8,82,2.70,11.5,156,31
2024-08-21,28.7,82,9.90,8.5,170,27
2024-08-22,29.6,80,0.10,6.5,248,13
2024-08-23,29.5,79,0.30,15.2,163,11
2024-08-24,29.4,79,2.00,23.7,99,15
2024-08-25,29.4,80,0.00,9.7,126,12
2024-08-26,29.6,80,1.70,9.7,96,42
2024-08-27,28.2,83,0.80,18.6,69,75
2024-08-28,26.7,89,27.70,13.0,89,100
2024-08-29,25.9,90,31.40,24.6,96,91
2024-08-30,27.3,83,1.30,14.8,103,57
2024-08-31,28.5,82,0.00,11.0,299,2
2024-09-01,29.7,78,0.10,6.3,255,5
2024-09-02,28.4,85,8.90,12.9,123,33
2024-09-03,26.7,90,12.90,11.0,91,86
2024-09-04,27.5,86,1.20,6.3,2,33
2024-09-05,27.2,84,2.10,13.1,107,28
2024-09-06,27.8,84,2.80,23.4,80,19
2024-09-07,27.4,82,9.10,16.1,73,20
2024-09-08,28.2,81,0.00,9.2,15,12
2024-09-09,29.3,77,0.00,6.3,290,5
2024-09-10,28.3,82,5.70,14.8,91,16
2024-09-11,28.7,81,0.20,16.5,66,4
2024-09-12,29.9,73,0.00,12.9,271,2
2024-09-13,28.9,77,0.00,13.3,150,1
2024-09-14,28.3,76,0.00,17.1,122,8
2024-09-15,28.8,70,0.00,8.4,196,7
2024-09-16,28.6,67,0.00,8.0,270,0
2024-09-17,29.1,68,0.00,10.3,224,3
2024-09-18,28.6,71,0.00,12.7,74,4
2024-09-19,27.1,75,0.40,21.9,184,59
2024-09-20,28.1,72,0.00,7.6,218,0
2024-09-21,29.0,68,0.00,8.4,193,1
2024-09-22,30.2,68,0.00,9.7,194,7
2024-09-23,31.0,66,0.00,8.8,299,1
2024-09-24,31.0,65,0.00,8.8,185,5
2024-09-25,30.3,69,0.00,8.4,111,9
2024-09-26,29.0,75,0.20,21.3,109,20
2024-09-27,28.6,76,0.00,12.8,97,12
2024-09-28,27.2,78,13.00,24.8,95,27
2024-09-29,27.8,73,0.00,7.8,54,13
2024-09-30,28.2,77,0.00,13.4,297,6
2024-10-01,29.1,75,0.00,9.3,290,0
2024-10-02,29.5,69,0.00,10.6,123,0
2024-10-03,28.5,68,0.00,7.8,105,0
2024-10-04,28.2,64,0.00,10.3,102,1
2024-10-05,26.9,67,0.30,29.3,110,19
2024-10-06,24.9,76,0.90,22.5,315,15
2024-10-07,25.6,74,0.00,8.8,330,18
2024-10-08,24.0,82,11.50,27.4,323,41
2024-10-09,24.8,67,0.00,11.1,317,4
2024-10-10,24.6,65,0.00,11.6,309,0
2024-10-11,25.0,65,0.00,13.2,282,0
2024-10-12,25.4,64,0.00,8.5,187,0
2024-10-13,24.8,66,0.00,10.3,161,0
2024-10-14,24.6,62,0.00,11.2,255,0
2024-10-15,24.4,63,0.00,10.7,259,0
2024-10-16,24.7,63,0.00,10.2,138,9
2024-10-17,24.7,63,0.00,9.7,111,0
2024-10-18,25.4,65,0.00,8.9,106,0
2024-10-19,25.8,63,0.00,8.1,100,0
2024-10-20,25.1,67,0.00,8.9,94,0
2024-10-21,24.6,69,0.00,7.7,99,0
2024-10-22,25.0,66,0.00,9.2,124,0
2024-10-23,25.0,68,0.00,14.9,327,6
2024-10-24,24.8,66,0.00,12.3,320,0
2024-10-25,24.6,66,0.00,12.8,307,0
2024-10-26,24.0,66,0.00,10.1,298,0
2024-10-27,24.3,69,0.00,8.5,97,0
2024-10-28,24.8,71,0.00,10.4,97,7
2024-10-29,25.6,68,0.00,12.5,85,4
2024-10-30,25.2,66,0.00,12.6,346,30
2024-10-31,24.3,62,0.00,13.5,302,0
2024-11-01,22.8,62,0.00,10.4,297,0
2024-11-02,22.2,66,0.00,8.8,113,12
2024-11-03,23.1,63,0.00,8.4,109,5
2024-11-04,22.5,73,0.00,9.3,12,0
2024-11-05,22.7,71,0.00,10.0,92,1
2024-11-06,23.0,72,0.00,6.8,99,0
2024-11-07,23.2,75,0.00,9.0,114,0
2024-11-08,22.5,80,0.00,8.8,85,11
2024-11-09,22.3,80,0.00,8.0,77,0
2024-11-10,22.4,79,0.00,8.7,72,1
2024-11-11,21.6,81,0.00,11.1,92,8
2024-11-12,21.6,81,0.00,9.9,18,0
2024-11-13,21.5,80,0.00,4.9,317,15
2024-11-14,20.9,80,0.00,7.2,74,56
2024-11-15,20.0,82,0.00,5.1,45,32
2024-11-16,18.8,82,0.60,19.9,353,20
2024-11-17,18.3,83,0.00,6.0,305,17
2024-11-18,18.3,70,0.00,5.8,291,15
2024-11-19,17.9,71,0.00,5.9,288,0
2024-11-20,17.8,75,0.00,6.0,294,0
2024-11-21,17.5,77,0.00,4.0,115,1
2024-11-22,17.9,74,0.00,7.2,117,10
2024-11-23,17.9,74,1.60,17.1,75,28
2024-11-24,18.3,71,0.00,10.0,10,1
2024-11-25,18.0,69,0.00,7.5,299,1
2024-11-26,17.8,69,0.00,6.0,297,0
2024-11-27,17.0,73,0.00,4.2,331,0
2024-11-28,17.2,75,0.00,4.9,106,5
2024-11-29,17.3,76,0.00,5.7,48,11
2024-11-30,17.6,71,1.40,7.6,338,22
2024-12-01,17.2,75,0.00,5.6,311,0
2024-12-02,18.1,71,0.00,6.8,315,9
2024-12-03,18.5,67,0.10,7.9,308,28
2024-12-04,17.0,55,0.00,9.0,296,0
2024-12-05,16.0,54,0.00,8.1,289,0
2024-12-06,15.2,60,0.00,8.2,289,0
2024-12-07,14.2,67,0.00,6.4,120,0
2024-12-08,12.6,68,2.30,12.4,73,39
2024-12-09,12.8,64,0.00,6.6,340,0
2024-12-10,12.5,54,0.00,8.2,315,0
2024-12-11,12.4,61,0.00,8.1,313,3
2024-12-12,12.2,66,0.00,8.5,302,1
2024-12-13,12.8,54,0.00,11.6,308,24
2024-12-14,12.2,58,0.00,7.5,289,8
2024-12-15,12.2,67,0.00,6.7,299,88
2024-12-16,11.5,73,0.00,3.9,353,0
2024-12-17,11.3,75,0.00,4.8,10,9
2024-12-18,12.1,72,0.00,5.2,324,44
2024-12-19,11.5,73,0.00,5.9,95,0
2024-12-20,12.1,73,0.00,6.2,4,0
2024-12-21,11.9,68,0.00,6.4,313,17
2024-12-22,12.3,71,0.00,7.5,108,35
2024-12-23,11.2,85,2.70,10.4,69,63
2024-12-24,12.2,75,0.00,7.4,334,0
2024-12-25,13.0,73,0.00,6.5,310,0
2024-12-26,13.3,72,0.00,6.4,322,11
2024-12-27,12.1,83,0.70,10.9,75,68
2024-12-28,12.1,87,0.00,5.9,341,34
2024-12-29,11.9,86,0.00,8.0,316,36
2024-12-30,11.3,80,0.00,6.3,286,22
2024-12-31,10.4,89,0.00,5.8,282,75
2025-01-01,10.3,92,0.00,5.4,285,76
2025-01-02,11.4,89,0.00,5.4,301,89
2025-01-03,11.5,93,0.00,5.0,9,86
2025-01-04,11.6,91,0.00,8.7,93,49
2025-01-05,11.8,92,36.60,8.1,74,32
2025-01-06,11.8,90,0.00,8.1,325,42
2025-01-07,11.9,73,0.00,8.8,291,0
2025-01-08,12.0,72,0.00,8.1,280,2
2025-01-09,10.9,88,0.00,3.8,117,25
2025-01-10,9.5,94,0.00,5.2,89,68
2025-01-11,10.3,91,0.80,9.8,74,100
2025-01-12,12.8,83,0.00,13.3,54,18
2025-01-13,12.0,80,0.00,8.0,314,0
2025-01-14,11.9,76,0.00,6.8,292,11
2025-01-15,11.5,82,0.00,5.3,74,10
2025-01-16,10.7,88,0.00,7.6,102,5
2025-01-17,11.4,86,0.00,8.6,315,66
2025-01-18,12.2,84,0.00,4.9,190,74
2025-01-19,11.2,89,0.00,6.9,24,92
2025-01-20,13.9,69,0.00,9.0,320,33
2025-01-21,13.8,71,0.00,8.7,307,4
2025-01-22,14.4,70,0.00,8.4,311,2
2025-01-23,14.5,64,0.00,9.6,304,6
2025-01-24,14.1,48,0.00,10.8,299,0
2025-01-25,13.5,51,0.00,7.6,288,0
2025-01-26,13.2,61,0.00,6.7,283,0
2025-01-27,13.7,65,0.00,7.2,277,0
2025-01-28,13.8,68,0.00,6.4,222,0
2025-01-29,14.6,70,0.00,11.2,93,19
2025-01-30,16.3,65,0.00,8.1,30,26
2025-01-31,15.6,64,0.00,7.6,81,9
2025-02-01,15.1,74,0.00,12.2,81,7
2025-02-02,14.2,77,0.00,9.3,311,31
2025-02-03,13.8,67,0.00,9.5,198,7
2025-02-04,13.8,68,0.00,9.0,16,19
2025-02-05,12.7,78,0.10,5.4,79,28
2025-02-06,13.9,62,0.00,10.4,312,1
2025-02-07,14.5,50,0.00,10.5,294,38
2025-02-08,15.6,52,0.00,7.8,294,43
2025-02-09,16.3,62,0.00,3.6,340,3
2025-02-10,16.4,68,0.20,7.7,60,22
2025-02-11,16.4,64,0.50,10.6,8,23
2025-02-12,16.8,54,0.00,11.8,316,6
2025-02-13,16.8,49,0.00,11.2,302,42
2025-02-14,17.0,53,0.00,8.8,323,51
2025-02-15,18.4,57,1.40,11.7,1,47
2025-02-16,17.8,61,0.00,8.1,133,73
2025-02-17,18.4,61,0.00,7.3,22,36
2025-02-18,18.6,58,0.00,8.9,314,23
